{
  "id": "68532766-59f0-4b5a-980d-dc895192d80c",
  "idioma-original": "eng-USA",
  "idioma-traducao": "por-BRA",
  "titulo": "01-Expressões comuns",
  "data": "2020/01/13",
  "autor": "Ana Clara",
  "tipo": "frases",
  "destaque": true,
  "frases": [
    {
      "original": "Be careful",
      "traducao": "Cuidado",
      "ativo": true,
      "id": "F64D1951B09F16FB12950C7D42869A16"
    },
    {
      "original": "Be careful driving",
      "traducao": "Cuidado ao dirigir",
      "ativo": true,
      "id": "26149EE46513DC4E73CDE06BF036B9E7"
    },
    {
      "original": "Can you translate this for me?",
      "traducao": "Você pode me traduzir isso?",
      "ativo": true,
      "id": "5E7D88C43AC8D3912959EEFB82E94CB8"
    },
    {
      "original": "Chicago is very different from Boston",
      "traducao": "Chicago é  bem diferente de Boston",
      "ativo": true,
      "id": "5786C6AC5AECF160AC6DBF43A7A87D14"
    },
    {
      "original": "Don't worry",
      "traducao": "Não se preocupe",
      "ativo": true,
      "id": "52427BBB40C163C66502904D3BD60639"
    },
    {
      "original": "Everyone knows it",
      "traducao": "Todo mundo sabe isso",
      "ativo": true,
      "id": "662C9A503D9432B6C117A13813E12E74"
    },
    {
      "original": "Everything is ready",
      "traducao": "Está tudo pronto",
      "ativo": true,
      "id": "A88212C15F86C94BB266989629282B0B"
    },
    {
      "original": "Excellent",
      "traducao": "Excelente",
      "ativo": true,
      "id": "7A3AF604E52E2577B3F5B77E96F3E01D"
    },
    {
      "original": "From time to time",
      "traducao": "De tempos em tempos",
      "ativo": true,
      "id": "C2AD5F6F255616748A0310496D576E8B"
    },
    {
      "original": "Good idea",
      "traducao": "Boa ideia",
      "ativo": true,
      "id": "5D60CB214F87420A5808CD9845AE4035"
    },
    {
      "original": "He likes it very much",
      "traducao": "Ele gosta muito",
      "ativo": true,
      "id": "08DFE550706EEDB1448F88A73B068555"
    },
    {
      "original": "Help!",
      "traducao": "Socorro!",
      "ativo": true,
      "id": "EAC29409EFDC871088A8864D8F346C05"
    },
    {
      "original": "He's coming soon",
      "traducao": "Ele volta logo",
      "ativo": true,
      "id": "3A7D6B0C9424A7C316D5389D59F1C63F"
    },
    {
      "original": "He's right",
      "traducao": "Ele está certo",
      "ativo": true,
      "id": "9F2D76D8C1000FDA702B453E4A5D28AF"
    },
    {
      "original": "He's very annoying",
      "traducao": "Ele está aborrecido",
      "ativo": true,
      "id": "7359D511CDC431C287304E579A291F5F"
    },
    {
      "original": "He's very famous",
      "traducao": "Ele é muito famoso",
      "ativo": true,
      "id": "7B4789799E070CFD79A47F75CF1AF071"
    },
    {
      "original": "How are you?",
      "traducao": "Como vai você?",
      "ativo": true,
      "id": "35179A54EA587953021400EB0CD23201"
    },
    {
      "original": "How's work going?",
      "traducao": "Como vai o trabalho?",
      "ativo": true,
      "id": "0BACEACF6D8A902D43E66ED8A12D4D3A"
    },
    {
      "original": "Hurry!",
      "traducao": "Depressa!",
      "ativo": true,
      "id": "A8B2FDE4A9042AA6B0F6EF372910BA91"
    },
    {
      "original": "I ate already",
      "traducao": "Eu já comí",
      "ativo": true,
      "id": "D1B9A4303E8DE6C92E7751D2E62C6B7A"
    },
    {
      "original": "I can't hear you",
      "traducao": "Eu não te ouço",
      "ativo": true,
      "id": "EA88B6EDC1F94E588F96ADE40EF2A446"
    },
    {
      "original": "I'd like to go for a walk",
      "traducao": "Eu gostaria de ir caminhar",
      "ativo": true,
      "id": "7E30802BA942F46C6061AF43C44FDC3D"
    },
    {
      "original": "I don't know how to use it",
      "traducao": "Eu não sei como usar isto",
      "ativo": true,
      "id": "FD653008C6BE7049F5E7FDC02F62E082"
    },
    {
      "original": "I don't like him",
      "traducao": "Eu não gosto dele",
      "ativo": true,
      "id": "54BB275FD538D4CE54052D11D108B404"
    },
    {
      "original": "I don't like it",
      "traducao": "Eu não gosto",
      "ativo": true,
      "id": "2A8057C95A2F0FF08E0523835DECD45D"
    },
    {
      "original": "I don't speak very well",
      "traducao": "Eu não falo muito bem",
      "ativo": true,
      "id": "1E10E79FC36A25B0D6EAB4C445C61B8F"
    },
    {
      "original": "I don't understand",
      "traducao": "Eu não entendo",
      "ativo": true,
      "id": "708BBE2C109C6675E0A86E4FC1417EB1"
    },
    {
      "original": "I don't want it",
      "traducao": "Eu não quero",
      "ativo": true,
      "id": "9037861880EA1824283591E7C6FC187D"
    },
    {
      "original": "I don't want that",
      "traducao": "Eu não quero isso",
      "ativo": true,
      "id": "5DA63145440B32C347A0BD18CDC037E2"
    },
    {
      "original": "I don't want to bother you",
      "traducao": "Eu não quero te incomodar",
      "ativo": true,
      "id": "7B8B87AA0275148EB650B0C9FEF0612F"
    },
    {
      "original": "I feel good",
      "traducao": "Eu me sinto bem",
      "ativo": true,
      "id": "65D2B19850CC2863578760E26C631D4D"
    },
    {
      "original": "If you need my help, please let me know",
      "traducao": "Se você precisa de minha ajuda, por favor me diga",
      "ativo": true,
      "id": "7ED5C9B2C088F25D68DEB76EFD0ADDC9"
    },
    {
      "original": "I get off of work at 6",
      "traducao": "Eu saio do trabalho às 6",
      "ativo": true,
      "id": "AD6FA2B9F961EED2CDDD33C4190E05FA"
    },
    {
      "original": "I have a headache",
      "traducao": "Eu tenho dor de cabeça",
      "ativo": true,
      "id": "F0CC5933C671EFB055ACFF87FBFBAED2"
    },
    {
      "original": "I hope you and your wife have a nice trip",
      "traducao": "Eu espero que você e tua esposa tenham uma boa viagem",
      "ativo": true,
      "id": "0AB04C883FDB30BAB0BF3D9A1BB371C9"
    },
    {
      "original": "I know",
      "traducao": "Eu sei",
      "ativo": true,
      "id": "08F28C273A33AF221AC42770EA2AA1C2"
    },
    {
      "original": "I like her",
      "traducao": "Eu gosto dela",
      "ativo": true,
      "id": "D1B9FDB090275FFD241D32CE0D66431D"
    },
    {
      "original": "I'll call you when I leave",
      "traducao": "Eu te ligo quando sair",
      "ativo": true,
      "id": "E63F289C57A9F8396AA315F70471E0BB"
    },
    {
      "original": "I'll come back later",
      "traducao": "Eu volto mais tarde",
      "ativo": true,
      "id": "56BB20BB7F62C28992ECA143687F6A72"
    },
    {
      "original": "I'll pay",
      "traducao": "Eu pagarei",
      "ativo": true,
      "id": "F08F7F29B889BFFBB32D8EA108445F34"
    },
    {
      "original": "I'll take it",
      "traducao": "Eu levo/Eu fico (com alguma coisa)",
      "ativo": true,
      "id": "79518C19C55EECD13288799B79BDD0DF"
    },
    {
      "original": "I'll take you to the bus stop",
      "traducao": "Eu te levo ao ponto de ônibus",
      "ativo": true,
      "id": "8FEF3465D7B9942CAD5564F2D9C7EFA7"
    },
    {
      "original": "I lost my watch",
      "traducao": "Eu perdí meu relógio",
      "ativo": true,
      "id": "02703A136D59A03C5EAA70C4C36359E8"
    },
    {
      "original": "I love you",
      "traducao": "Eu amo você",
      "ativo": true,
      "id": "459B9511A7F650EBD327889C45CC4E9B"
    },
    {
      "original": "I'm an American",
      "traducao": "Eu sou um americano",
      "ativo": true,
      "id": "2257E48EFF79BF9F9A6C65DFA2645C37"
    },
    {
      "original": "I'm cleaning my room",
      "traducao": "Eu estou limpando meu quarto",
      "ativo": true,
      "id": "8C7862DC19AC0E498FAD2B7C83D549A5"
    },
    {
      "original": "I'm cold",
      "traducao": "Eu estou com frio",
      "ativo": true,
      "id": "FDF24704149F870C28D0EF4E8817A93C"
    },
    {
      "original": "I'm coming to pick you up",
      "traducao": "Eu estou indo te buscar",
      "ativo": true,
      "id": "B56133760E5C18081320BD52DA7FD507"
    },
    {
      "original": "I'm going to leave",
      "traducao": "Eu vou sair",
      "ativo": true,
      "id": "E31649B69A409BE14AD8AF49584DCA1D"
    },
    {
      "original": "I'm good, and you?",
      "traducao": "Eu estou bem, e você?",
      "ativo": true,
      "id": "8D75984763226FBAE8064BAA0C1C833A"
    },
    {
      "original": "I'm happy",
      "traducao": "Estou feliz",
      "ativo": true,
      "id": "9E562B6B86C3CD5050398A4FCBC2530A"
    },
    {
      "original": "I'm hungry",
      "traducao": "Estou com fome",
      "ativo": true,
      "id": "C890CFE6C4AFCF5487DD61B2B31DCAEE"
    },
    {
      "original": "I'm married",
      "traducao": "Sou casado",
      "ativo": true,
      "id": "0F0C15E925509B292832EFDBB4A8CA0E"
    },
    {
      "original": "I'm not busy",
      "traducao": "Eu não estou ocupado",
      "ativo": true,
      "id": "1BA12BB8F98C450925D20F0CEED286DA"
    },
    {
      "original": "I'm not married",
      "traducao": "Eu não sou casado",
      "ativo": true,
      "id": "5D69844F9401B32C36A681E82420245A"
    },
    {
      "original": "I'm not ready yet",
      "traducao": "Eu ainda não estou pronto",
      "ativo": true,
      "id": "731FA67B6AA4A12A57F1AAAD19474B78"
    },
    {
      "original": "I'm not sure",
      "traducao": "Eu não tenho certeza",
      "ativo": true,
      "id": "9D930692A7865F3BBD82D3F3DB85A425"
    },
    {
      "original": "I'm sorry, we're sold out",
      "traducao": "Lamento, está esgotado",
      "ativo": true,
      "id": "0D1511F51CBBBEB9ACEF74742A95B822"
    },
    {
      "original": "I'm thirsty",
      "traducao": "Estou com sede",
      "ativo": true,
      "id": "BB904BA59019678D72D0A1FE592ED494"
    },
    {
      "original": "I'm very busy. I don't have time now",
      "traducao": "Estou muito ocupado. Não tenho tempo agora",
      "ativo": true,
      "id": "004FC51799A465784E296144B34A4B48"
    },
    {
      "original": "I need to change clothes",
      "traducao": "Eu preciso trocar de roupas",
      "ativo": true,
      "id": "063B7B2FF058779D2F99CC74B6BFFCD1"
    },
    {
      "original": "I need to go home",
      "traducao": "Eu preciso ir pra casa",
      "ativo": true,
      "id": "B6E90E49CC00844C5DF1A5BBD6FB6EF6"
    },
    {
      "original": "I only want a snack",
      "traducao": "Eu só quero um lanche",
      "ativo": true,
      "id": "79E0C20FF13E1EA4DA4A244B992F44A5"
    },
    {
      "original": "Is Mr. Smith an American?",
      "traducao": "O Sr. Smith é americano?",
      "ativo": true,
      "id": "FEFAD36D1986AAA57913CB3589BCBDCC"
    },
    {
      "original": "Is that enough?",
      "traducao": "É o suficiente?",
      "ativo": true,
      "id": "586A1A5C8767C4586ECDFBBFCBB5DED4"
    },
    {
      "original": "I think it's very good",
      "traducao": "Eu acho isso muito bom",
      "ativo": true,
      "id": "FD29537DC7EC3DF68A999E7660F7E87A"
    },
    {
      "original": "I think it tastes good",
      "traducao": "Eu acho isso bem saboroso",
      "ativo": true,
      "id": "051B1A8A501C97D988C774E496460A1E"
    },
    {
      "original": "I thought the clothes were cheaper",
      "traducao": "Eu pensei que as roupas eram mais baratas",
      "ativo": true,
      "id": "A0A128406E5118D1163E609B171BED24"
    },
    {
      "original": "It's longer than 2 miles",
      "traducao": "É mais longe que 2 milhas",
      "ativo": true,
      "id": "07D546FEB8647DFC16E593A118C5746B"
    },
    {
      "original": "I've been here for two days",
      "traducao": "Eu estou aqui há dois dias",
      "ativo": true,
      "id": "F0C32F3A265E888156FDC99D14F5157C"
    },
    {
      "original": "I've heard Texas is a beautiful place",
      "traducao": "Eu ouví que o Texas é um belo lugar",
      "ativo": true,
      "id": "7820EDD9A6C9B1FC73522E0CAF77661D"
    },
    {
      "original": "I've never seen that before",
      "traducao": "Eu nunca ví isso antes",
      "ativo": true,
      "id": "5CFBDE108D4E649F5616182A533CBC40"
    },
    {
      "original": "I was about to leave the restaurant when my friends arrived",
      "traducao": "Eu estava saindo do restaurante quando meus amigos chegaram",
      "ativo": true,
      "id": "6E2FD76A2D625ADACD724577954433DC"
    },
    {
      "original": "Just a little",
      "traducao": "Só um pouquinho",
      "ativo": true,
      "id": "671CB3E2B06CCADC7AA779380523117A"
    },
    {
      "original": "Just a moment",
      "traducao": "Só um momento",
      "ativo": true,
      "id": "6B88F485534889C3A1138EB455C2A734"
    },
    {
      "original": "Let me check",
      "traducao": "Deixa-me ver/checar",
      "ativo": true,
      "id": "5AC31B8C284B8E65B46C87D192F561AB"
    },
    {
      "original": "Let me think about it",
      "traducao": "Deixa-me pensar sobre isso",
      "ativo": true,
      "id": "522C9AC91D4400687C6D51FB5E2BFC8B"
    },
    {
      "original": "Let's go have a look",
      "traducao": "Vamos dar uma olhada",
      "ativo": true,
      "id": "53C2263BE104060C68A4E2537EB34F95"
    },
    {
      "original": "Let's practice English",
      "traducao": "Vamos praticar inglês",
      "ativo": true,
      "id": "C613313D1CCDD878727E7FCA010A5B75"
    },
    {
      "original": "May I speak to Mrs. Smith please?",
      "traducao": "Posso falar com a Sra. Smith por favor?",
      "ativo": true,
      "id": "4D13FBE64ECDFCBC43D1B157D6656B20"
    },
    {
      "original": "More than that",
      "traducao": "Mais do que isso",
      "ativo": true,
      "id": "75803232EAC0E53A5F2024CDB3253CEC"
    },
    {
      "original": "Never mind",
      "traducao": "Não faz mal/Não importa",
      "ativo": true,
      "id": "AE994754815AC017708C29C5539D1227"
    },
    {
      "original": "Next time",
      "traducao": "Da próxima vez",
      "ativo": true,
      "id": "1347DFB6F9D7D577DC8DBE11E0F224CA"
    },
    {
      "original": "No",
      "traducao": "Não",
      "ativo": true,
      "id": "7FA3B767C460B54A2BE4D49030B349C7"
    },
    {
      "original": "Nonsense",
      "traducao": "Bobagem/Que nada",
      "ativo": true,
      "id": "352A507C78DA1DEA6DD42A5867D3C2CC"
    },
    {
      "original": "No, thank you",
      "traducao": "Não, obrigado/a",
      "ativo": true,
      "id": "A93B11448B809BFEDE2BF3850F0A4B4C"
    },
    {
      "original": "Nothing else",
      "traducao": "Nada mais/Mais nada",
      "ativo": true,
      "id": "D84A36C11CB433D749D72C7EA1C26457"
    },
    {
      "original": "Not recently",
      "traducao": "Não recentemente",
      "ativo": true,
      "id": "7E597BB0224D81262C6874985DDC3F63"
    },
    {
      "original": "Not yet",
      "traducao": "Não ainda/Ainda não",
      "ativo": true,
      "id": "756941BFAE2C90B71C516072EA5F7515"
    },
    {
      "original": "Of course",
      "traducao": "Claro",
      "ativo": true,
      "id": "0CA964BB74251FCE6BB741C97E1CB4B8"
    },
    {
      "original": "Okay",
      "traducao": "OK",
      "ativo": true,
      "id": "DF8FEDE7FF71608E24A5576326E41C75"
    },
    {
      "original": "Please fill out this form",
      "traducao": "Por favor, preencha este formulário",
      "ativo": true,
      "id": "850DE13B978C2D00C60F08ED3851920D"
    },
    {
      "original": "Please take me to this address",
      "traducao": "Por favor me leve para este endereço",
      "ativo": true,
      "id": "066F1E3EF039BC2CEA1B662FA2375EAA"
    },
    {
      "original": "Please write it down",
      "traducao": "Por favor escreva aqui",
      "ativo": true,
      "id": "D6A914D17C0086DB7393DBB6890E3899"
    },
    {
      "original": "Really?",
      "traducao": "Mesmo?/De verdade?",
      "ativo": true,
      "id": "3F1ED29FEDA1411B83D661936C1C7D85"
    },
    {
      "original": "Right here",
      "traducao": "Bem aqui",
      "ativo": true,
      "id": "115C22AEEA8596673A73656241B1687B"
    },
    {
      "original": "Right there",
      "traducao": "Bem alí",
      "ativo": true,
      "id": "E089C7BECE52E357CC409277BD07DB8C"
    },
    {
      "original": "See you later",
      "traducao": "Te vejo mais tarde",
      "ativo": true,
      "id": "A3E6D94880BA5F0D09B0DCE37E65439F"
    },
    {
      "original": "See you tomorrow",
      "traducao": "Te vejo amanhã",
      "ativo": true,
      "id": "9A4BE103D15662C59A497DEA837DDD7C"
    },
    {
      "original": "See you tonight",
      "traducao": "Te vejo à noite",
      "ativo": true,
      "id": "1C5A51D566279855AA3EA3C4A8A4FD5F"
    },
    {
      "original": "She's pretty",
      "traducao": "Ela é bonita",
      "ativo": true,
      "id": "EAC1E933B8B0B8E349EB94AA18527E1D"
    },
    {
      "original": "Sorry to bother you",
      "traducao": "Me perdoe te importunar",
      "ativo": true,
      "id": "04F6AF93BFE948EB73224B1507D2C289"
    },
    {
      "original": "Stop!",
      "traducao": "Pare!",
      "ativo": true,
      "id": "E590E0E4988E2C44DFBCCDC7378B5475"
    },
    {
      "original": "Take a chance",
      "traducao": "Arrisque",
      "ativo": true,
      "id": "3149B98DA169AFD1F440C1F59CFBCFE2"
    },
    {
      "original": "Take it outside",
      "traducao": "Leve pra fora",
      "ativo": true,
      "id": "4AD93425132BA0C9000EDF2264D0B3B7"
    },
    {
      "original": "Tell me",
      "traducao": "Diga-me",
      "ativo": true,
      "id": "F2F917564460739B71D8ECF72380C898"
    },
    {
      "original": "Thanks for everything",
      "traducao": "Obrigado/a por tudo",
      "ativo": true,
      "id": "9F79D7F1C98FDF55CC10200CE55BAF13"
    },
    {
      "original": "Thanks for your help",
      "traducao": "Obrigado/a pela tua ajuda",
      "ativo": true,
      "id": "3A0F0ACA0439E50ED111CBABCC446EDB"
    },
    {
      "original": "Thank you",
      "traducao": "Obrigado/a",
      "ativo": true,
      "id": "455472B522FD0A1E27AAA91C4033DB65"
    },
    {
      "original": "Thank you miss",
      "traducao": "Obrigado/a senhorita",
      "ativo": true,
      "id": "CCD064F3EA9E313F444B88C5A7325A0C"
    },
    {
      "original": "Thank you sir",
      "traducao": "Obrigado/a senhor",
      "ativo": true,
      "id": "4D7F9E915FC62C53193A40CC26ACAB15"
    },
    {
      "original": "Thank you very much",
      "traducao": "Muito obrigado/a",
      "ativo": true,
      "id": "2BA83485A22AA3CD761C6269ABCADFA8"
    },
    {
      "original": "That looks great",
      "traducao": "Está ótimo (aparência)",
      "ativo": true,
      "id": "D9F8471158A6CB1B39B4C38A63643D58"
    },
    {
      "original": "That's alright",
      "traducao": "Tudo bem",
      "ativo": true,
      "id": "39B20A2E26D178D13811BEF92504DF70"
    },
    {
      "original": "That's enough",
      "traducao": "Chega (é o suficiente)",
      "ativo": true,
      "id": "60112314891D68E1542DD24B6DC8B640"
    },
    {
      "original": "That's fine",
      "traducao": "Está bom",
      "ativo": true,
      "id": "8C3571FEBB46C0F421814E28D0E4B144"
    },
    {
      "original": "That's it",
      "traducao": "É isso",
      "ativo": true,
      "id": "09FCDD0B9013AB2D2C7624C207944D5E"
    },
    {
      "original": "That smells bad",
      "traducao": "Isso cheira ruim",
      "ativo": true,
      "id": "EB32CBFF9495F7EE51C1936228FDBC66"
    },
    {
      "original": "That's not fair",
      "traducao": "Isso não é justo",
      "ativo": true,
      "id": "F40905E3E712CE62E1D840DB3E2BCAFD"
    },
    {
      "original": "That's not right",
      "traducao": "Isso não está certo",
      "ativo": true,
      "id": "C74014BCAF20A705FEED67B571991193"
    },
    {
      "original": "That's right",
      "traducao": "Está certo",
      "ativo": true,
      "id": "C84AD0BB5DB56BC9124616EBB4E24E91"
    },
    {
      "original": "That's too bad",
      "traducao": "Isso é muito mal/ruim",
      "ativo": true,
      "id": "AB3C6C03DD7AAA82175FF8456E7D8015"
    },
    {
      "original": "That's too many",
      "traducao": "Isso é muito (quantidade)",
      "ativo": true,
      "id": "801D40C14BBFF8F745448E1BC6440EDF"
    },
    {
      "original": "That's too much",
      "traducao": "Isso é muito (quantidade)",
      "ativo": true,
      "id": "86C86211FA052A342128EE01B8178E3F"
    },
    {
      "original": "The book is under the table",
      "traducao": "O livro está debaixo da mesa",
      "ativo": true,
      "id": "22A900BE1E6771E04A584702840725C7"
    },
    {
      "original": "They'll be right back",
      "traducao": "Eles voltam logo",
      "ativo": true,
      "id": "1BE18695ADBF9548CC89332BC8A64464"
    },
    {
      "original": "They're the same",
      "traducao": "Eles são os mesmos",
      "ativo": true,
      "id": "B7391FCE26CF2D1C11B44D9BAEABB760"
    },
    {
      "original": "They're very busy",
      "traducao": "Eles estão bem ocupados",
      "ativo": true,
      "id": "11146894F6BA65F37F815A038E53B0D9"
    },
    {
      "original": "This doesn't work",
      "traducao": "Isto não funciona",
      "ativo": true,
      "id": "C000FD30FEA901650D84FABE257E023A"
    },
    {
      "original": "This is very difficult",
      "traducao": "Isto é muito difícil",
      "ativo": true,
      "id": "C18DB37AC3DE8B98C970A679A2D2B1EB"
    },
    {
      "original": "This is very important",
      "traducao": "Isto é muito importante",
      "ativo": true,
      "id": "668E243EAE9DC1BAED87A2E149CAA1A8"
    },
    {
      "original": "Try it",
      "traducao": "Prove",
      "ativo": true,
      "id": "BB433B09CED1D1BA5D1CD019BDAC49F5"
    },
    {
      "original": "Very good, thanks",
      "traducao": "Muito bem, obrigado/a",
      "ativo": true,
      "id": "AFF53A60C83A7ED389EB3DC5A584FFA3"
    },
    {
      "original": "We like it very much",
      "traducao": "Nós gostamos muito",
      "ativo": true,
      "id": "6B6DB0083B5C09A55BD6B771A6E7E8EC"
    },
    {
      "original": "Would you take a message please?",
      "traducao": "Você anotaria a mensagem por favor?",
      "ativo": true,
      "id": "17E551CF62FF09E7637992EF47CD3F83"
    },
    {
      "original": "Yes, really",
      "traducao": "Sim, de verdade",
      "ativo": true,
      "id": "BE242DEE5F615A2B79D99A0F7B9FFDD1"
    },
    {
      "original": "You're beautiful",
      "traducao": "Você é bonito/a",
      "ativo": true,
      "id": "70195C59D482B3D84B11D80E77F502AD"
    },
    {
      "original": "You're very nice",
      "traducao": "Você é muito gentil/legal",
      "ativo": true,
      "id": "DB983CE02DFA38D3B78AD8F7483727EE"
    },
    {
      "original": "You're very smart",
      "traducao": "Você é bem esperto",
      "ativo": true,
      "id": "EA0872C3D65B532E1AD84AD0F6BB0E45"
    },
    {
      "original": "Your things are all here",
      "traducao": "Tuas coisas estão todas aqui",
      "ativo": true,
      "id": "BD17D9608734123CA624669FF11CB515"
    }
  ]
}