{
  "id": "ae07e230-2808-42c6-b55b-5f9a5e8c1f20",
  "idioma-original": "eng-USA",
  "idioma-traducao": "por-BRA",
  "titulo": "02-Cumprimentos",
  "data": "2020/01/13",
  "autor": "Ana Clara",
  "tipo": "frases",
  "destaque": true,
  "frases": [
    {
      "original": "Certainly!",
      "traducao": "Certamente!",
      "ativo": true,
      "id": "F3D4E13E770B7252DFAC11C81FC53D45"
    },
    {
      "original": "Good afternoon",
      "traducao": "Boa tarde",
      "ativo": true,
      "id": "E0466094B1CD89703B0B259D3EC5C9E8"
    },
    {
      "original": "Good evening sir",
      "traducao": "Boa noite senhor",
      "ativo": true,
      "id": "187CD8365F566515F725C8C1170FDFAA"
    },
    {
      "original": "Good Luck",
      "traducao": "Boa sorte",
      "ativo": true,
      "id": "AB4C946C01BE2A78A27940EF9FAA9471"
    },
    {
      "original": "Good morning",
      "traducao": "Bom dia",
      "ativo": true,
      "id": "2B849500E4585DAB4196EC9A415EDF8F"
    },
    {
      "original": "Great",
      "traducao": "Ótimo",
      "ativo": true,
      "id": "ACAA16770DB76C1FFB9CEE51C3CABFCF"
    },
    {
      "original": "Happy Birthday",
      "traducao": "Feliz aniversário",
      "ativo": true,
      "id": "FA47BB06F6EA83E49CC70CD2A130F1DC"
    },
    {
      "original": "Have a good trip",
      "traducao": "Tenha uma boa viagem",
      "ativo": true,
      "id": "68FAF9DA1D7D310A7918987715C70EC5"
    },
    {
      "original": "Hello",
      "traducao": "Alô",
      "ativo": true,
      "id": "5D41402ABC4B2A76B9719D911017C592"
    },
    {
      "original": "Nice to meet you",
      "traducao": "Prazer em te conhecer",
      "ativo": true,
      "id": "D430653F86592AC504BAE6724D625660"
    },
    {
      "original": "Please call me",
      "traducao": "Por favor me ligue",
      "ativo": true,
      "id": "60133CE224333C5B294EE7E4A13CCC4E"
    }
  ]
}