{
  "id": "9087e5be-9c1d-420e-93d0-75ea650c5225",
  "idioma-original": "eng-USA",
  "idioma-traducao": "por-BRA",
  "titulo": "03-Viagens, direções",
  "data": "2020/01/13",
  "autor": "Ana Clara",
  "tipo": "frases",
  "destaque": true,
  "frases": [
    {
      "original": "About 300 kilometers",
      "traducao": "Mais ou menos 300 quilometros",
      "ativo": true,
      "id": "3C8BD380F0239E34FAA5A51F70A44C46"
    },
    {
      "original": "A one way ticket",
      "traducao": "Passagem só de ida",
      "ativo": true,
      "id": "5846318A32441037FAE9B7E9C531EDDE"
    },
    {
      "original": "Are you going to help her?",
      "traducao": "Você vai ajudá-la?",
      "ativo": true,
      "id": "ECEF22FD041E0F4C1EABD5E2AA249F7F"
    },
    {
      "original": "A round trip ticket",
      "traducao": "Passagem ida e volta",
      "ativo": true,
      "id": "997C0419A67CB489EE135823E9D78AE0"
    },
    {
      "original": "At what time?",
      "traducao": "A que horas?",
      "ativo": true,
      "id": "D89B928597981119C4B2A1914CAF6EB3"
    },
    {
      "original": "Can I make an appointment for next Wednesday?",
      "traducao": "Posso marcar a consulta para a próxima quarta-feira?",
      "ativo": true,
      "id": "19830D53E2C986023697034B988C6DAA"
    },
    {
      "original": "Can you repeat that please?",
      "traducao": "Você poderia repetir por favor?",
      "ativo": true,
      "id": "BAB6C6337DB7789688547B276945D7E0"
    },
    {
      "original": "Does this road go to New York?",
      "traducao": "Esta estrada vai para Nova Iorque?",
      "ativo": true,
      "id": "9A31CDEEC462DC45B828101A5CD98864"
    },
    {
      "original": "Do you have enough money?",
      "traducao": "Você tem dinheiro suficiente?",
      "ativo": true,
      "id": "E59ECDF40003763539F2E7C3DC8A4D26"
    },
    {
      "original": "Do you know how to cook?",
      "traducao": "Você sabe cozinhar?",
      "ativo": true,
      "id": "80351C3472033526D07A7695AFA2DA9D"
    },
    {
      "original": "Do you know what this says?",
      "traducao": "Você sabe o que isso diz?",
      "ativo": true,
      "id": "5C58411AA2123FB8304370F148440FC1"
    },
    {
      "original": "Do you want me to come and pick you up?",
      "traducao": "Você quer que eu venha te pegar?",
      "ativo": true,
      "id": "27DE6D164A09B951D6F5DC86D6A8C372"
    },
    {
      "original": "Follow me",
      "traducao": "Siga-me",
      "ativo": true,
      "id": "6B2EC310B2A3ACFB2B509651414F3D34"
    },
    {
      "original": "From here to there",
      "traducao": "Daqui para aí",
      "ativo": true,
      "id": "BA33F89D34662BF629DE6AA2491DCBD6"
    },
    {
      "original": "Go straight ahead",
      "traducao": "Siga em frente",
      "ativo": true,
      "id": "6E843C25C708AB6E75EB05F0A31C6574"
    },
    {
      "original": "Have you arrived?",
      "traducao": "Você já chegou?",
      "ativo": true,
      "id": "D4640F4B9F1912017AAB74877DAAD723"
    },
    {
      "original": "Have you been to Boston?",
      "traducao": "Você já esteve em Boston?",
      "ativo": true,
      "id": "30627809F6C4A2236A15426C89265A4D"
    },
    {
      "original": "How do I get there?",
      "traducao": "Como eu chego lá?",
      "ativo": true,
      "id": "B494236594853666815AF66523C2B515"
    },
    {
      "original": "How do I get to Daniel Street?",
      "traducao": "Como eu chego na rua Daniel?",
      "ativo": true,
      "id": "31B73336B7120C928271946310BFA2C8"
    },
    {
      "original": "How do I get to the American Embassy?",
      "traducao": "Como eu chego na Embaixada Americana?",
      "ativo": true,
      "id": "185AEC5B6E00ABF20D12889C6DF6D020"
    },
    {
      "original": "How long does it take by car?",
      "traducao": "Quanto tempo demora de carro?",
      "ativo": true,
      "id": "3C618E9CB6AC6AD45A9F782D14A84C74"
    },
    {
      "original": "How long does it take to get to Georgia?",
      "traducao": "Quanto tempo demora pra chegar na Georgia?",
      "ativo": true,
      "id": "E934C0CAD0F4016354572D8E7F73637B"
    },
    {
      "original": "How long is the flight?",
      "traducao": "Quanto tempo demora o voo?",
      "ativo": true,
      "id": "5BFE7554E4084A80E509D1D5E7F5B70E"
    },
    {
      "original": "How was the movie?",
      "traducao": "Como foi o filme?",
      "ativo": true,
      "id": "4E355EF9A598E815F76776F29F8AC854"
    },
    {
      "original": "I'd like to make a phone call",
      "traducao": "Eu gostaria de fazer um telefonema",
      "ativo": true,
      "id": "4F48DEF8AA3C0B0748636503CDB04D8A"
    },
    {
      "original": "I'd like to make a reservation",
      "traducao": "Eu gostaria de fazer uma reserva",
      "ativo": true,
      "id": "B7EAC25CF42D81F157829D53354BF544"
    },
    {
      "original": "I have a question I want to ask you./ I want to ask you a question",
      "traducao": "Eu tenho uma pergunta para fazer pra você/Eu quero te perguntar uma coisa",
      "ativo": true,
      "id": "5024785ADD676688C6979E07B1FA3C49"
    },
    {
      "original": "I'll take that one also",
      "traducao": "Eu levo aquele também",
      "ativo": true,
      "id": "4FFB437107DB601AACC8DF681098D666"
    },
    {
      "original": "I'm coming right now",
      "traducao": "Eu estou indo agora mesmo",
      "ativo": true,
      "id": "ABEA96C23886A48AEB49CD488609EDC3"
    },
    {
      "original": "I'm going home in four days",
      "traducao": "Eu vou pra casa em quatro dias",
      "ativo": true,
      "id": "7A77ACA5EEBB272A61EF77FAA9F318F7"
    },
    {
      "original": "I'm leaving Tomorrow",
      "traducao": "Estou partindo amanhã",
      "ativo": true,
      "id": "56E4D0F91661DB671C54658A93E3E730"
    },
    {
      "original": "I'm looking for the post office",
      "traducao": "Estou procurando o correio",
      "ativo": true,
      "id": "9F78093579FD542423DBA6FAE1A848D5"
    },
    {
      "original": "Is this pen yours?",
      "traducao": "Esta caneta e tua?",
      "ativo": true,
      "id": "77FD769CF822D5B4DD43778ECBACA591"
    },
    {
      "original": "I wish I had one",
      "traducao": "Quisera eu tivesse um",
      "ativo": true,
      "id": "90389AA71F1CC9FEC459368EC77A5DBB"
    },
    {
      "original": "One ticket to New York please",
      "traducao": "Um bilhete para Nova Iorque por favor (passagem)",
      "ativo": true,
      "id": "C0C4FC07500051472AE0C457DDDE14FC"
    },
    {
      "original": "One way or round trip?",
      "traducao": "Só ida ou ida e volta?",
      "ativo": true,
      "id": "475B0D7119B8B8D900054CB9689B75EE"
    },
    {
      "original": "Please speak slower",
      "traducao": "Por favor, fale mais devagar",
      "ativo": true,
      "id": "4149D5B105D9B8AF846F599585EF858F"
    },
    {
      "original": "Please take me to the airport",
      "traducao": "Por favor me leve para o aeroporto",
      "ativo": true,
      "id": "8FA59E999CE07E257EFD49D875E47EB3"
    },
    {
      "original": "That way",
      "traducao": "Por alí (naquela direção)",
      "ativo": true,
      "id": "83C2D1B39EAFFC538D6029051065C6BC"
    },
    {
      "original": "The plane departs at 5:30P",
      "traducao": "O avião parte às 17h30",
      "ativo": true,
      "id": "81E71ADB6489F60CC52549B21C41C3B0"
    },
    {
      "original": "They arrived yesterday",
      "traducao": "Eles chegaram no sábado",
      "ativo": true,
      "id": "07CAEB97C2AEFE7D0192E01D5E12F0A6"
    },
    {
      "original": "Turn around",
      "traducao": "Vire-se",
      "ativo": true,
      "id": "719F929B38700AD285D64D9BC004A1E3"
    },
    {
      "original": "Turn left",
      "traducao": "Vire a esquerda",
      "ativo": true,
      "id": "DDBC8F5A566F23629059BADC122C7EB5"
    },
    {
      "original": "Turn right",
      "traducao": "Vire a direita",
      "ativo": true,
      "id": "79A6F5185D1C4BBE405D53968B5E86B5"
    },
    {
      "original": "What time are you going to the bus station?",
      "traducao": "A que horas você vai a rodoviária?",
      "ativo": true,
      "id": "72F00FA8AFBE2C59D762A2B48CC11BA2"
    },
    {
      "original": "When did this happen?",
      "traducao": "Quando isso aconteceu?",
      "ativo": true,
      "id": "6E19076D59C7770548748B2153215D64"
    },
    {
      "original": "When did you arrive in Boston?",
      "traducao": "Quando você chegou em Boston?",
      "ativo": true,
      "id": "6FF506B7AF46C9A2F1F1D5F551A9FBDC"
    },
    {
      "original": "When does he arrive?",
      "traducao": "Quando ele chega?",
      "ativo": true,
      "id": "BFBA18AA1BAEFDB9966E6D605AF228BC"
    },
    {
      "original": "When does it arrive?",
      "traducao": "Quando chega?",
      "ativo": true,
      "id": "30B905B77CD55C4475E85F96B3088C02"
    },
    {
      "original": "When does the bank open?",
      "traducao": "Quando abre o banco?",
      "ativo": true,
      "id": "941852EACB286EB844DAB2E582869E9D"
    },
    {
      "original": "When does the bus leave?",
      "traducao": "Quando parte o ônibus?",
      "ativo": true,
      "id": "C81018D3C7A78ED0952CA110244A482A"
    },
    {
      "original": "When do we arrive?",
      "traducao": "Quando nós chegamos?",
      "ativo": true,
      "id": "AFEE2C8E7CA7438661C1BB2CB45B7B28"
    },
    {
      "original": "When do we leave?",
      "traducao": "Quando nós partimos?",
      "ativo": true,
      "id": "E840381640F921F8B235A9BCDB1BB9C8"
    },
    {
      "original": "Where can I mail this?",
      "traducao": "Onde posso postar isto?",
      "ativo": true,
      "id": "480558899FF408077E83A1F6625AB8F6"
    },
    {
      "original": "Where is she from?",
      "traducao": "De onde ela é?",
      "ativo": true,
      "id": "2C913906053B63E57069A1DF496D17A1"
    },
    {
      "original": "Where is the bathroom?",
      "traducao": "Onde fica o banheiro?",
      "ativo": true,
      "id": "A95EDE5E48019E0101AB9227D75224CA"
    },
    {
      "original": "Why not?",
      "traducao": "Por que não?",
      "ativo": true,
      "id": "B412DEA11F23A336C51DE07F90BC0000"
    },
    {
      "original": "Will you remind me?",
      "traducao": "Você me lembra?",
      "ativo": true,
      "id": "4CB774C727D637DF0B0D84E882C4076E"
    }
  ]
}