{
  "id": "8bf7c707-0a86-45d5-8997-91c9ae6303a1",
  "idioma-original": "eng-USA",
  "idioma-traducao": "por-BRA",
  "titulo": "04-Números e dinheiro",
  "data": "2020/01/13",
  "autor": "Ana Clara",
  "tipo": "frases",
  "destaque": false,
  "frases": [
    {
      "original": "11 dollars",
      "traducao": "11 dólares",
      "ativo": true,
      "id": "425E593951630FC5EE1C4A684956EAA8"
    },
    {
      "original": "52 cents",
      "traducao": "52 centavos",
      "ativo": true,
      "id": "39F3F7B9CE92F7246D20949FEDAD6965"
    },
    {
      "original": "A few",
      "traducao": "Poucos",
      "ativo": true,
      "id": "D32356AE23A439134548EBFA140807D0"
    },
    {
      "original": "A little",
      "traducao": "Pouco/um pouco",
      "ativo": true,
      "id": "225CA0B4604F639C163E0AA77DFD8B58"
    },
    {
      "original": "Call the police",
      "traducao": "Chame a polícia",
      "ativo": true,
      "id": "2B05A9D2FB2DD8EE18707CAF0C2331C7"
    },
    {
      "original": "Did your wife like California?",
      "traducao": "Sua esposa gostou da Califórnia?",
      "ativo": true,
      "id": "84A1E52C56919AEFBFD065F828DA9AF5"
    },
    {
      "original": "Do you have any coffee?",
      "traducao": "Você tem café?",
      "ativo": true,
      "id": "B630BA235BDD4F12B800A7F19347267D"
    },
    {
      "original": "Do you have anything cheaper?",
      "traducao": "Você tem algo mais barato?",
      "ativo": true,
      "id": "37185060D0A54890E42662253D20A288"
    },
    {
      "original": "Do you take credit cards?",
      "traducao": "Você aceita cartão de crédito?",
      "ativo": true,
      "id": "94998093593198B7476C93044B672CBB"
    },
    {
      "original": "How are you paying?",
      "traducao": "Como você vai pagar?",
      "ativo": true,
      "id": "125509CFFAD8C4359387B92D2949E2EB"
    },
    {
      "original": "How many people are there in New York?",
      "traducao": "Quantas pessoas tem em Nova Iorque",
      "ativo": true,
      "id": "1E797943817CC881890AA178711E9B7D"
    },
    {
      "original": "How much are these earrings?",
      "traducao": "Quanto custam estes brincos?",
      "ativo": true,
      "id": "00A011770AF346954A74CB60BA6B3A53"
    },
    {
      "original": "How much does it cost per day?",
      "traducao": "Quanto custa por dia?",
      "ativo": true,
      "id": "54744462EF147FB15AEEACAB06A78CA0"
    },
    {
      "original": "How much does this cost?",
      "traducao": "Quanto custa isto?",
      "ativo": true,
      "id": "8838B383AE2A0E9F7DCA73AB03AB7972"
    },
    {
      "original": "How much do I owe you?",
      "traducao": "Quanto eu te devo?",
      "ativo": true,
      "id": "4DEF0B328DDE87E6985CC812B48D21C4"
    },
    {
      "original": "How much is it to go to Miami?",
      "traducao": "Quanto custa para ir a Miami?",
      "ativo": true,
      "id": "8CB945EF22442C3C3A4FD45540D2AF1A"
    },
    {
      "original": "How much money do you make?",
      "traducao": "Quanto dinheiro você ganha?",
      "ativo": true,
      "id": "76F1FEF8A783704C03251D5011A42213"
    },
    {
      "original": "I'd like to eat at 5th street restaurant",
      "traducao": "Eu gostaria de comer no restaurante da quinta rua",
      "ativo": true,
      "id": "3B02C42E13C18AABAA07C4B7963BB633"
    },
    {
      "original": "I don't have a girlfriend",
      "traducao": "Eu não tenho namorada",
      "ativo": true,
      "id": "843AE8AB681BF97E70D4A91B21043908"
    },
    {
      "original": "I don't have any money",
      "traducao": "Eu não tenho dinheiro",
      "ativo": true,
      "id": "57089B6F82F144B7F21E65CDD4FAE449"
    },
    {
      "original": "I have a reservation",
      "traducao": "Eu tenho uma reserva",
      "ativo": true,
      "id": "5A0302FA85401AF3C5759C7D3DE6C69F"
    },
    {
      "original": "I'll have the same thing",
      "traducao": "Eu quero a mesma coisa",
      "ativo": true,
      "id": "60A61250FBEABAA79FA12C216FF1F603"
    },
    {
      "original": "I'll pay for dinner",
      "traducao": "Eu pagarei o jantar",
      "ativo": true,
      "id": "451507F784CD86CEF8CDBCE85E664B82"
    },
    {
      "original": "I'll pay for the tickets",
      "traducao": "Eu pagarei os ingressos",
      "ativo": true,
      "id": "8548D62CD23D4C00F6B4CBF5817DA258"
    },
    {
      "original": "I'm 26 years old",
      "traducao": "Eu tenho 26 anos",
      "ativo": true,
      "id": "51956F53C4B45208A77301B250F734CB"
    },
    {
      "original": "I need to practice my English",
      "traducao": "Eu preciso praticar meu inglês",
      "ativo": true,
      "id": "97D63BE25750C0B48AE44C96C7A4EEF0"
    },
    {
      "original": "Isn't it?",
      "traducao": "Não é?",
      "ativo": true,
      "id": "A9C33A4C79ECFCE5BEACC5175C1C5A11"
    },
    {
      "original": "Is that ok?",
      "traducao": "Está OK?",
      "ativo": true,
      "id": "6F7A172124769531BBC581D20B81206C"
    },
    {
      "original": "Is there any mail for me?",
      "traducao": "Tem alguma correspondência pra mim?",
      "ativo": true,
      "id": "453EA0EABB816C74CEC296755314EB02"
    },
    {
      "original": "It's 11:30pm",
      "traducao": "São 23h30",
      "ativo": true,
      "id": "E6108448D1AA88D353F8B1C451DFC22D"
    },
    {
      "original": "It's is a quarter past nine",
      "traducao": "São nove e quinze",
      "ativo": true,
      "id": "C19AC43CBE1F22B7B9CFEC2C0262A5A0"
    },
    {
      "original": "Please come in",
      "traducao": "Por favor, entre",
      "ativo": true,
      "id": "DE4CCDFDE13F19161E96AD84FC56AB70"
    },
    {
      "original": "Sorry, we don't accept credit cards",
      "traducao": "Desculpe, nós não aceitamos cartão de crédito",
      "ativo": true,
      "id": "882E4C80120470FFC07ED2EC67A73A33"
    },
    {
      "original": "Sorry, we only accept Cash",
      "traducao": "Desculpe, nós só aceitamos em dinheiro",
      "ativo": true,
      "id": "E4979EFF13BF3CDC937FF3805BE91852"
    },
    {
      "original": "That restaurant is not expensive",
      "traducao": "Aquele restaurante não é caro",
      "ativo": true,
      "id": "3CD5055DC7E1631B38B6E50B4F440B23"
    },
    {
      "original": "That's too expensive",
      "traducao": "Isso é muito caro",
      "ativo": true,
      "id": "99990A2B3383E521B2D79D76D0D83E8A"
    },
    {
      "original": "There are many people here",
      "traducao": "Tem muita gente aqui",
      "ativo": true,
      "id": "EA3940F68CC533A647381E6056F0F1E0"
    },
    {
      "original": "They charge 26 dollars per day",
      "traducao": "Eles cobram 26 dólares por dia",
      "ativo": true,
      "id": "0A32FAD738F9BBE5F4F0C1EDB6FE6B72"
    },
    {
      "original": "What's the exchange rate for dollars?",
      "traducao": "Qual é a taxa de conversão para o dólar?",
      "ativo": true,
      "id": "6BA2F799ADB73637230AB3F5B36B80FB"
    },
    {
      "original": "What's the phone number?",
      "traducao": "Qual é o número do telefone?",
      "ativo": true,
      "id": "AF343159735B7F794ACE0598B728D208"
    },
    {
      "original": "Where can I buy tickets?",
      "traducao": "Onde posso comprar os ingressos?",
      "ativo": true,
      "id": "5359A22AD6DE7E0BB44BA6A0119D9CCE"
    },
    {
      "original": "Where would you like to meet?",
      "traducao": "Onde você gostaria de se encontrar?",
      "ativo": true,
      "id": "A93E850BF65F2CEC79F04A6A128E88A6"
    },
    {
      "original": "Which one is better?",
      "traducao": "Quail deles/delas é melhor?",
      "ativo": true,
      "id": "C1DB0D63D4157530FF0C0EDD6E1EF45A"
    }
  ]
}