{
  "id": "9eaefc35-3fdc-4847-a95c-5e6c2d7289ee",
  "idioma-original": "eng-USA",
  "idioma-traducao": "por-BRA",
  "titulo": "05-Localização",
  "data": "2020/01/13",
  "autor": "Ana Clara",
  "tipo": "frases",
  "destaque": false,
  "frases": [
    {
      "original": "Across from the post office",
      "traducao": "Do outro lado do correio",
      "ativo": true,
      "id": "5ADBC2A6B1820D3C63F57D8DF0B06EFC"
    },
    {
      "original": "At 3 o'clock",
      "traducao": "Às três horas",
      "ativo": true,
      "id": "2B7A2FD0382748A2F15669F3E7B32962"
    },
    {
      "original": "Be quiet",
      "traducao": "Fique quieto",
      "ativo": true,
      "id": "7D5ED161AB4617A9520F2AA64F51C6ED"
    },
    {
      "original": "Can you recommend a good restaurant?",
      "traducao": "Você poderia recomendar um bom restaurante?",
      "ativo": true,
      "id": "B2A2B56D386AFA5186D81684F8C90A53"
    },
    {
      "original": "Here it is",
      "traducao": "Aqui está",
      "ativo": true,
      "id": "0DF4E9FD0AC9DADA54AFA8BAC35297A4"
    },
    {
      "original": "Here you are",
      "traducao": "Aqui está",
      "ativo": true,
      "id": "8C14CE1258526A0C45FCB285E52C638E"
    },
    {
      "original": "He's in the kitchen",
      "traducao": "Ele está na cozinha",
      "ativo": true,
      "id": "1E28B5C351A94C70A2BC9238E8DA4F54"
    },
    {
      "original": "He studies at Boston University",
      "traducao": "Ele estuda na Universidade de Boston",
      "ativo": true,
      "id": "8F8E33DC6A4AF21C2FC1630C875A4AA5"
    },
    {
      "original": "How far is it?",
      "traducao": "Quanto longe?",
      "ativo": true,
      "id": "8BF56F330ED767D92FF699A64D73662B"
    },
    {
      "original": "How far is it to Chicago?",
      "traducao": "Quão longe é Chicago?",
      "ativo": true,
      "id": "C5DB1BFD615106D09F3858B7D983D455"
    },
    {
      "original": "How many miles is it to Pennsylvania?",
      "traducao": "Quantas milhas são até Pensilvânia?",
      "ativo": true,
      "id": "DDAAA3076622F0AFAD80DFFEC022AD7B"
    },
    {
      "original": "I'd like a single room",
      "traducao": "Eu queria um quarto de solteiro",
      "ativo": true,
      "id": "F09C9C42AC57206AD4B1474972C09DD8"
    },
    {
      "original": "I like to watch TV",
      "traducao": "Eu gosto de assistir TV",
      "ativo": true,
      "id": "30722AE071FF957C99D743FE681A3A30"
    },
    {
      "original": "It's delicious!",
      "traducao": "Está delicioso",
      "ativo": true,
      "id": "F1280AE442C91BA5D0520EB039846EBE"
    },
    {
      "original": "It's half past 11",
      "traducao": "São onze e meia",
      "ativo": true,
      "id": "616200B31D3C8629A90EF1C870B900B1"
    },
    {
      "original": "It's less than 5 dollars",
      "traducao": "É menos de 5 dólares",
      "ativo": true,
      "id": "E09FABB166932683A38E4C04EA38C3B2"
    },
    {
      "original": "It's more than 5 dollars",
      "traducao": "É mais que 5 dólares",
      "ativo": true,
      "id": "588F827826C24E2A5B3290D80B3FBCC5"
    },
    {
      "original": "It's near the Supermarket",
      "traducao": "É perto do supermercado",
      "ativo": true,
      "id": "C81FCA70B2DAB07052FB9A509328DB18"
    },
    {
      "original": "it's not suppose to rain today",
      "traducao": "Não é pra chover hoje",
      "ativo": true,
      "id": "141603C92D5017D8F00EE1868254502A"
    },
    {
      "original": "It's ok",
      "traducao": "Está OK",
      "ativo": true,
      "id": "7BA9FE9E1EF08A9B2FE038AE7CD5F6D2"
    },
    {
      "original": "It's on 7th street",
      "traducao": "É na Sétima Rua",
      "ativo": true,
      "id": "948988299A4E02F0E9BA0A170303A6C8"
    },
    {
      "original": "It's really hot",
      "traducao": "Está bem calor",
      "ativo": true,
      "id": "1FCA6E628CD711CA91A8854360CE886B"
    },
    {
      "original": "It's suppose to rain tomorrow",
      "traducao": "É pra chover amanhã",
      "ativo": true,
      "id": "666E55314FA34141843711A5E1B5FD82"
    },
    {
      "original": "I was going to the library",
      "traducao": "Eu estava indo à biblioteca",
      "ativo": true,
      "id": "2B4A6FD3F4C999D63F9622CF371636BE"
    },
    {
      "original": "I was in the library",
      "traducao": "Eu estava na biblioteca",
      "ativo": true,
      "id": "317EDC7B5B0C73375E42D2D9749AEFC6"
    },
    {
      "original": "Let's go",
      "traducao": "Vamos",
      "ativo": true,
      "id": "024C3823602E92AB7C0F918E8E52F871"
    },
    {
      "original": "Maybe",
      "traducao": "Pode ser/Talvez",
      "ativo": true,
      "id": "7E7AAC930123145F5F0AF775CA3E1C58"
    },
    {
      "original": "More than 200 miles",
      "traducao": "Mais de 200 milhas",
      "ativo": true,
      "id": "D74CE6BB194F95AD5A0B3CB08EFA6B06"
    },
    {
      "original": "My house is close to the bank",
      "traducao": "Minha casa fica perto do banco",
      "ativo": true,
      "id": "996C02154D37E8C72BBD6227F1CEB1A2"
    },
    {
      "original": "Near the bank",
      "traducao": "Perto do banco",
      "ativo": true,
      "id": "2ED2DD0FC2EBB5C5B4C466AF6AF9121D"
    },
    {
      "original": "On the left",
      "traducao": "À esquerda",
      "ativo": true,
      "id": "83549ADEE8CC0B03A0D1626A811D2EC9"
    },
    {
      "original": "On the right",
      "traducao": "À direita",
      "ativo": true,
      "id": "F5971C3A131FA238CB4434347FE47AA6"
    },
    {
      "original": "On the second floor",
      "traducao": "No segundo andar",
      "ativo": true,
      "id": "BB061A79D408BBC93AC7B279C043A9E4"
    },
    {
      "original": "Outside the hotel",
      "traducao": "Fora do hotel",
      "ativo": true,
      "id": "6DE8CCCFBC7FB3DCBC683DA40DA5FF5E"
    },
    {
      "original": "Over here",
      "traducao": "Por aqui/Cá",
      "ativo": true,
      "id": "9EEC611D348E80C2EA24626936E0119B"
    },
    {
      "original": "Over there",
      "traducao": "Por alí/Lá",
      "ativo": true,
      "id": "8DBB6CC6FB9AE88029F66C05D7F731A6"
    },
    {
      "original": "The book is behind the table",
      "traducao": "O livro está atrás da mesa",
      "ativo": true,
      "id": "3D61E548A8276A08D7784CC85236C3B2"
    },
    {
      "original": "The book is in front of the table",
      "traducao": "O livro está na frente da mesa",
      "ativo": true,
      "id": "3345BCAB772F1ED8FD552096F9641BE0"
    },
    {
      "original": "The book is near the table",
      "traducao": "O livro está perto da mesa",
      "ativo": true,
      "id": "881BEBCC50CFA810D3D84F6A98B14CA4"
    },
    {
      "original": "The book is next to the table",
      "traducao": "O livro está ao lado da mesa",
      "ativo": true,
      "id": "FB5A62D83950F5E6AB8EB576B50876AB"
    },
    {
      "original": "The book is on top of the table",
      "traducao": "O livro está no topo da mesa",
      "ativo": true,
      "id": "48D6FCDBB5B47958A4B627873ABFBEA3"
    },
    {
      "original": "There are some books on the table",
      "traducao": "Tem alguns livros na mesa",
      "ativo": true,
      "id": "2B10D77782F89AEC6FEBE0FC90797904"
    },
    {
      "original": "There's a book under the table",
      "traducao": "Tem um livro sob a mesa",
      "ativo": true,
      "id": "43DF33FB7B61C6E1A937778484781CB4"
    },
    {
      "original": "We're from California",
      "traducao": "Nós somos da Califórnia",
      "ativo": true,
      "id": "28BB52034C83396681B96FE3B7DC2809"
    },
    {
      "original": "What's the address?",
      "traducao": "Qual é o endereço?",
      "ativo": true,
      "id": "7E34164C3BC86E6AB100312B00ACF231"
    },
    {
      "original": "Where are you going?",
      "traducao": "Onde você está indo?",
      "ativo": true,
      "id": "52C0CE6D39B28AD039228BE2ABA5E3D7"
    },
    {
      "original": "Where is it?",
      "traducao": "Onde está?",
      "ativo": true,
      "id": "44545E97FF734404B590F020B30FA6E7"
    },
    {
      "original": "Where would you like to go?",
      "traducao": "Onde você gostaria de ir?",
      "ativo": true,
      "id": "1C55A5085D3DC9832B9D671A1E1E7BC1"
    },
    {
      "original": "Who won?",
      "traducao": "Quem ganhou?",
      "ativo": true,
      "id": "50C456B2B44B1B159CAB2BFC53D79A97"
    }
  ]
}