{
  "id": "8d3ffc5f-7d41-4d64-8469-b3b2f68eb7db",
  "idioma-original": "eng-USA",
  "idioma-traducao": "por-BRA",
  "titulo": "06-Telefone, Internet e Correios",
  "data": "2020/01/13",
  "autor": "Ana Clara",
  "tipo": "frases",
  "destaque": false,
  "frases": [
    {
      "original": "Can I see your passport please?",
      "traducao": "Posso ver teu passaporte por favor?",
      "ativo": true,
      "id": "B90BE033CE0BE4D4A9C88B243483ABDE"
    },
    {
      "original": "Can I take a message?",
      "traducao": "Quer deixar uma mensagem?",
      "ativo": true,
      "id": "C58C11ABFC6B9BA89BBF2B3E95A0163A"
    },
    {
      "original": "Can I try it on?",
      "traducao": "Posso experimentar?",
      "ativo": true,
      "id": "E0CFDC0AD2F09F92CCA2D1FA5D114A1C"
    },
    {
      "original": "Can we sit over there?",
      "traducao": "Podemos nos sentar aqui?",
      "ativo": true,
      "id": "0A4A642DF03BD98F05B92282343F79BC"
    },
    {
      "original": "Did you come with your family?",
      "traducao": "Você veio com sua família?",
      "ativo": true,
      "id": "DE29A79C3F3A630EE909B480731009F8"
    },
    {
      "original": "Do you think it's possible?",
      "traducao": "Você acha que é possível?",
      "ativo": true,
      "id": "FDA5F2DF12C37772C0D1841C1ABA765D"
    },
    {
      "original": "Here's my number",
      "traducao": "Aqui está meu telefone",
      "ativo": true,
      "id": "13BDACB341FED793A74E108A20D999FF"
    },
    {
      "original": "He's not in right now",
      "traducao": "Ele não está agora",
      "ativo": true,
      "id": "0D5462CFCF7D778E0B995E8D580973E5"
    },
    {
      "original": "Hi, is Mrs. Smith there, please?",
      "traducao": "Oi, a Sra. Smith está, por favor?",
      "ativo": true,
      "id": "E055BAF7B2CA4AEEBE4044E12706F981"
    },
    {
      "original": "I'd like some water too, please",
      "traducao": "Eu também queria um pouco de água, por favor",
      "ativo": true,
      "id": "F2638859FAD5D03730A9F138BAE0DE4F"
    },
    {
      "original": "I'd like to buy a bottle of water, please",
      "traducao": "Eu queria comprar uma garrafa de água, por favor",
      "ativo": true,
      "id": "960AF420573C2F4F509367C5C610CD21"
    },
    {
      "original": "I'd like to buy something",
      "traducao": "Eu queria comprar alguma coisa",
      "ativo": true,
      "id": "9BE0ABCA4829AA2D346D7DDCB903ED50"
    },
    {
      "original": "I'd like to go to the store",
      "traducao": "Eu gostaria de ir à loja",
      "ativo": true,
      "id": "188838ABEE4A2C44FB320F371E6FAF6A"
    },
    {
      "original": "I'd like to rent a car",
      "traducao": "Eu gostaria de alugar um carro",
      "ativo": true,
      "id": "409B17A0D52D18FB63D6EA70C8A79C79"
    },
    {
      "original": "I'd like to send a fax",
      "traducao": "Eu gostaria de enviar um fax",
      "ativo": true,
      "id": "DFB0F5B919F75C25F143321BBFCA299B"
    },
    {
      "original": "I'd like to send this to America",
      "traducao": "Eu gostaria de enviar isto à América",
      "ativo": true,
      "id": "6F974C48FEA179B1D9457BCFCCCA147D"
    },
    {
      "original": "I'd like to speak to Mr. Smith please",
      "traducao": "Eu gostaria de falar com o Sr. Smith, por favor",
      "ativo": true,
      "id": "26128A052FD87CC771930C54CC75393D"
    },
    {
      "original": "I have three children, two girls and one boy",
      "traducao": "Eu tenho três filhos, duas meninas e um menino",
      "ativo": true,
      "id": "E0C9AC4571C140C91558B7E8CB8653F6"
    },
    {
      "original": "I'll be right back",
      "traducao": "Eu volto logo",
      "ativo": true,
      "id": "C29A06AE6C5B1571BED3704A9862AAFC"
    },
    {
      "original": "I'll call back later",
      "traducao": "Eu ligo mais tarde",
      "ativo": true,
      "id": "8FAE42520D15799159F365A87AC4BB33"
    },
    {
      "original": "I'll call you on Friday",
      "traducao": "Eu te ligo na sexta,",
      "ativo": true,
      "id": "06421673F8F201AA602EC6164B14416C"
    },
    {
      "original": "I'll teach you",
      "traducao": "Eu te ensinarei",
      "ativo": true,
      "id": "9F026AC85ED6A23BEABE85E9E83778E9"
    },
    {
      "original": "I'm ok",
      "traducao": "Estou OK",
      "ativo": true,
      "id": "FA87B5F25BCCB5961EA1B4FDDAD2E8EE"
    },
    {
      "original": "I need some tissues",
      "traducao": "Eu preciso de uns lenços",
      "ativo": true,
      "id": "8B91930E26C7CDEECA5EF041E0A78206"
    },
    {
      "original": "Is there an English speaking guide?",
      "traducao": "Tem algum guia que fale inglês?",
      "ativo": true,
      "id": "86F324AACFC9FB3F020978D1F5AED0BF"
    },
    {
      "original": "I want to give you a gift",
      "traducao": "Eu quero te dar um presente",
      "ativo": true,
      "id": "A1655479F06EF830C5FFFEC096964FB6"
    },
    {
      "original": "Male or female?",
      "traducao": "Masculino ou feminino?",
      "ativo": true,
      "id": "5E5725086F459EEF960640C32146528F"
    },
    {
      "original": "My cell phone doesn't have good reception",
      "traducao": "Meu celular não está com um bom sinal",
      "ativo": true,
      "id": "7CCAE8038638C9A932CFD42E44CCFB60"
    },
    {
      "original": "My cell phone doesn't work",
      "traducao": "Meu celular não funciona",
      "ativo": true,
      "id": "DDC571F4869492978822462C1310E26F"
    },
    {
      "original": "Please take off your shoes",
      "traducao": "Por favor tire teus sapatos",
      "ativo": true,
      "id": "7A8247D29DC6E4D4527B19D2EA40C8BA"
    },
    {
      "original": "Sorry, I think I have the wrong number",
      "traducao": "Desculpe, eu acho que eu tenho um número errado",
      "ativo": true,
      "id": "B51AAFE24FFB0D2D72904A99C724092A"
    },
    {
      "original": "What is the area code?",
      "traducao": "Qual é o DDD (Código de Área)",
      "ativo": true,
      "id": "0BEE79930F3B623A464CB572126F766A"
    },
    {
      "original": "What's the name of the company you work for?",
      "traducao": "Qual o nome da empresa para a qual você trabalha?",
      "ativo": true,
      "id": "972FB48AB0009E2E353BA0BE4EEBD614"
    },
    {
      "original": "What's wrong?",
      "traducao": "O que está errado?",
      "ativo": true,
      "id": "F59BAFC1DFAAB0DC9D5B6C80980C1387"
    },
    {
      "original": "What's your address?",
      "traducao": "Qual é o teu endereço?",
      "ativo": true,
      "id": "A347AE975138D6D84F9F429DFD2684B1"
    },
    {
      "original": "Where can I find a hospital?",
      "traducao": "Onde posso achar um hospital?",
      "ativo": true,
      "id": "41E09A61AAEBD5341C2D77D6D5776AC1"
    },
    {
      "original": "Where's the closest restaurant?",
      "traducao": "Onde fica o restaurante mais próximo?",
      "ativo": true,
      "id": "D4B51EFB87C33AE0F77DFB941837A0EC"
    },
    {
      "original": "Where's the pharmacy?",
      "traducao": "Onde tem uma farmácia?",
      "ativo": true,
      "id": "A7DEF85B2706F975CC6FE51318311A9F"
    },
    {
      "original": "Who are you?",
      "traducao": "Quem é você?",
      "ativo": true,
      "id": "E2567BA7A50CA2EF84A80D96456EFA3F"
    },
    {
      "original": "Who is that?",
      "traducao": "Quem é?",
      "ativo": true,
      "id": "6C5A58B552F452468C12F2863D188F12"
    },
    {
      "original": "Who would you like to speak to?",
      "traducao": "Com quem você gostaria de falar?",
      "ativo": true,
      "id": "8201F330D48C799EDD10DB0B7C76C087"
    },
    {
      "original": "Will you take me home?",
      "traducao": "Você me leva pra casa?",
      "ativo": true,
      "id": "5BABF3D4C9C7C602581ADA36F42D7E4E"
    },
    {
      "original": "Would you like water or milk?",
      "traducao": "Você gostaria de água ou leite?",
      "ativo": true,
      "id": "55CDCFB1430518C1EEC74F14A813E915"
    }
  ]
}