{
  "id": "0150f268-cd89-4dc6-8340-447ecd96c277",
  "idioma-original": "eng-USA",
  "idioma-traducao": "por-BRA",
  "titulo": "07-Hora e data",
  "data": "2020/01/13",
  "autor": "Ana Clara",
  "tipo": "frases",
  "destaque": false,
  "frases": [
    {
      "original": "11 days ago",
      "traducao": "11 dias atrás",
      "ativo": true,
      "id": "6FB2DC106FC16EE8E46D377FD963C8E6"
    },
    {
      "original": "2 hours",
      "traducao": "2 horas",
      "ativo": true,
      "id": "6619A70F8AB8877E4131643FB8DED723"
    },
    {
      "original": "All day",
      "traducao": "O dia todo",
      "ativo": true,
      "id": "D234A5E6F442238A08F5490936B48D41"
    },
    {
      "original": "A long time ago",
      "traducao": "Há muito tempo",
      "ativo": true,
      "id": "46654143617D36BE443B7273D30871F3"
    },
    {
      "original": "Are they coming this evening?",
      "traducao": "Eles virão esta noite?",
      "ativo": true,
      "id": "791DD67DA216DE0BCA7ACCD4DF168741"
    },
    {
      "original": "Are you comfortable?",
      "traducao": "Você está confortável?",
      "ativo": true,
      "id": "639F81083FA19FCEE61F0E75F05FE73F"
    },
    {
      "original": "Are your children with you?",
      "traducao": "Teus filhos estão contigo?",
      "ativo": true,
      "id": "7B7F9A36EF05E0FB171CAFA43CBE9052"
    },
    {
      "original": "As soon as possible",
      "traducao": "Assim que possível",
      "ativo": true,
      "id": "CB50A71B846D25F4408AC7190C59DADF"
    },
    {
      "original": "At 3 o'clock in the afternoon",
      "traducao": "Às três da tarde",
      "ativo": true,
      "id": "9B31330CD63E7904A47B2E83E4E26407"
    },
    {
      "original": "At 5th street",
      "traducao": "Na quinta rua",
      "ativo": true,
      "id": "16A02BB0EA5B5AAFE4BCE9A63048F249"
    },
    {
      "original": "At 7 o'clock at night. (evening)?",
      "traducao": "Às sete da noite",
      "ativo": true,
      "id": "975C04C5E60159E8D6D59A5B9D337E64"
    },
    {
      "original": "At 7 o'clock in the morning",
      "traducao": "Às sete da manhã",
      "ativo": true,
      "id": "48586E23D0BC0C6022216B79266EF3C9"
    },
    {
      "original": "At what time did it happen?",
      "traducao": "A que horas aconteceu?",
      "ativo": true,
      "id": "31A54037C5216C4A4DD0300576E6F850"
    },
    {
      "original": "Can I help you?",
      "traducao": "Posso te ajudar?",
      "ativo": true,
      "id": "6058C0213E442112CA807D219527D608"
    },
    {
      "original": "Do you have a swimming pool?",
      "traducao": "Você tem piscina?",
      "ativo": true,
      "id": "E022A0692FEC8EA27191E622C18ED1DF"
    },
    {
      "original": "Do you have this in size 11?",
      "traducao": "Você tem este no tamanho 11?",
      "ativo": true,
      "id": "3B5FB0DAC83316AF2598B1056A80AC99"
    },
    {
      "original": "Do you think you'll be back by 11:30?",
      "traducao": "Você acha que estará de volta até às 11:30?",
      "ativo": true,
      "id": "D3B41FD6841081CB4265241FE16AEBFF"
    },
    {
      "original": "Everyday I get up at 6AM",
      "traducao": "Todos os dias eu acordo às 6 da manhã",
      "ativo": true,
      "id": "863E28B18F8DBBCCB3395AB283122CCF"
    },
    {
      "original": "Every week",
      "traducao": "Toda semana",
      "ativo": true,
      "id": "1C7F05D1C303697F55493AB7BF4F6A75"
    },
    {
      "original": "Expiration date",
      "traducao": "Data de vencimento",
      "ativo": true,
      "id": "C2ACA4338BAA0270267D8BF0279310F2"
    },
    {
      "original": "Have you been waiting long?",
      "traducao": "Você está esperando há muito tempo?",
      "ativo": true,
      "id": "20040225A6135E20E6DEE9960D101056"
    },
    {
      "original": "He'll be back in 20 minutes",
      "traducao": "Ele volta em 20 minutos",
      "ativo": true,
      "id": "88BD9B70E0DAB31E524F1935F7DA028F"
    },
    {
      "original": "His family is coming tomorrow",
      "traducao": "A família dele vem amanhã",
      "ativo": true,
      "id": "2F3FF3B783EB0FE7B2874FB879CD0485"
    },
    {
      "original": "How about Saturday?",
      "traducao": "Que tal sábado?",
      "ativo": true,
      "id": "1CCD14C22AB50F336173152D15A1203C"
    },
    {
      "original": "How long are you going to stay?",
      "traducao": "Quanto tempo você vai ficar?",
      "ativo": true,
      "id": "97B54FA9B7E1E6FF600A251A2AE5B6C0"
    },
    {
      "original": "How long are you going to stay in California?",
      "traducao": "Quanto tempo você vai ficar na Califórnia?",
      "ativo": true,
      "id": "BBF1C85F39286138EF67750D9DFA39CC"
    },
    {
      "original": "How long will it take?",
      "traducao": "Quanto tempo vai levar?",
      "ativo": true,
      "id": "8FEDA8385C4F45A8E0F1757B8FB831BE"
    },
    {
      "original": "How much altogether?",
      "traducao": "Quanto custa tudo junto?",
      "ativo": true,
      "id": "5590DAA7F31250302E8BF93316AD09D2"
    },
    {
      "original": "How much will it cost?",
      "traducao": "Quanto vai custar?",
      "ativo": true,
      "id": "5C82019BACF1DD9FF320686BA3A63E1F"
    },
    {
      "original": "I don't have enough money",
      "traducao": "Eu não tenho dinheiro suficiente",
      "ativo": true,
      "id": "D1A14AF160DA26F709E57747E013BA1B"
    },
    {
      "original": "I'm getting ready to go out",
      "traducao": "Eu estou me aprontando pra sair",
      "ativo": true,
      "id": "C03221B856A4588D51E7F2BC0E88E6C2"
    },
    {
      "original": "I'm just looking. (Shopping)",
      "traducao": "Estou só olhando (num Shopping)",
      "ativo": true,
      "id": "38530072298598BC0C3E4833E899BA67"
    },
    {
      "original": "I'm worried too",
      "traducao": "Estou preocupado também",
      "ativo": true,
      "id": "49280EE104FD1B5AB39F8AA462BA2ADA"
    },
    {
      "original": "It'll be cold this evening",
      "traducao": "Vai fazer frio esta noite",
      "ativo": true,
      "id": "75DEF5C2B8A1BB769FC854E2139C5019"
    },
    {
      "original": "It rained very hard today",
      "traducao": "Choveu forte hoje",
      "ativo": true,
      "id": "12B301458F0BC8B60FE64DE117E49463"
    },
    {
      "original": "It's 17 dollars",
      "traducao": "São 17 dólares",
      "ativo": true,
      "id": "A7472A48F062F3DB0557908556B10A87"
    },
    {
      "original": "It's 6AM",
      "traducao": "São 6 da manhã",
      "ativo": true,
      "id": "5505B838D5C2F999BC75505A91A5C1BA"
    },
    {
      "original": "It's 8:45",
      "traducao": "São 8h45",
      "ativo": true,
      "id": "02BB00AEDE656D4CF08800C807C1C0BE"
    },
    {
      "original": "It's a quarter to 7",
      "traducao": "São quinze para as 7,",
      "ativo": true,
      "id": "D3671A877DBE4082E1EFF4EFF5C25BD6"
    },
    {
      "original": "It's going to snow today",
      "traducao": "Vai nevar hoje",
      "ativo": true,
      "id": "017F53537A949694534DF4914A032503"
    },
    {
      "original": "It's here",
      "traducao": "É aqui",
      "ativo": true,
      "id": "7242CC8C9335AD7EAA2A61DF5E6F9149"
    },
    {
      "original": "It's there",
      "traducao": "É ali",
      "ativo": true,
      "id": "A1F379F0567159D61E379252C08BC59E"
    },
    {
      "original": "I've already seen it",
      "traducao": "Eu já ví",
      "ativo": true,
      "id": "8280A0D9547FBDBC1DC7B256B204397A"
    },
    {
      "original": "John is going on vacation tomorrow",
      "traducao": "John vai sair de férias amanhã",
      "ativo": true,
      "id": "93F628C817254E5F597EC89AD15BB855"
    },
    {
      "original": "My birthday is August 27th",
      "traducao": "Meu aniversário é dia 27 de agosto",
      "ativo": true,
      "id": "DDCC818014DC3A8B8051EC6D17E465F9"
    },
    {
      "original": "Now or later?",
      "traducao": "Agora ou mais tarde?",
      "ativo": true,
      "id": "F2ACFB7AC2598D4A5595206188620035"
    },
    {
      "original": "October 22nd",
      "traducao": "22 de outubro",
      "ativo": true,
      "id": "EE6D287C7167D1206739ED9B9677E09A"
    },
    {
      "original": "She wants to know when you're coming",
      "traducao": "Ela quer saber quando você vem",
      "ativo": true,
      "id": "103B7DB09613D34A2B4AC6E318B1ADE3"
    },
    {
      "original": "Sometimes I go to sleep at 11PM, sometimes at 11:30PM",
      "traducao": "Às vezes eu vou dormir às 23h, algumas vezes às 23h30",
      "ativo": true,
      "id": "185E5A0CA7F1F80EE42A21AAECA6DD77"
    },
    {
      "original": "There's plenty of time",
      "traducao": "Tem muito tempo",
      "ativo": true,
      "id": "64534A8DE03672F23F6C637E4662D82D"
    },
    {
      "original": "The whole day",
      "traducao": "O dia todo",
      "ativo": true,
      "id": "52058CAAD87711F58CD8DC63CD7E8ED0"
    },
    {
      "original": "We're late",
      "traducao": "Nós estamos atrasados",
      "ativo": true,
      "id": "0C800EAF72FAB9C620B431012083DFB9"
    },
    {
      "original": "What day are they coming over?",
      "traducao": "Em qual dia eles vem?",
      "ativo": true,
      "id": "096FA0F1ABF32652CCA55B67FCC60CE7"
    },
    {
      "original": "What day of the week is it?",
      "traducao": "Que dia da semana é hoje?",
      "ativo": true,
      "id": "6879398B793C07A7B5FE097954C546A4"
    },
    {
      "original": "What is today's date?",
      "traducao": "Que dia é hoje?",
      "ativo": true,
      "id": "923F7456218527B3A7E7395EF8423CC4"
    },
    {
      "original": "What's your religion?",
      "traducao": "Qual é a tua religião?",
      "ativo": true,
      "id": "49E7684AE9AFA3F34AA9B85CD0C3FB4B"
    },
    {
      "original": "What time are they arriving?",
      "traducao": "A que horas eles chegam?",
      "ativo": true,
      "id": "29EA98DAEE87A5DF1E2C31CB2FA7992C"
    },
    {
      "original": "What time did you get up?",
      "traducao": "A que horas você se levanta?",
      "ativo": true,
      "id": "CE6D59275019529A88505923286E8CC7"
    },
    {
      "original": "What time did you go to sleep?",
      "traducao": "A que horas você vai dormir?",
      "ativo": true,
      "id": "CF94020379DBD0DAB08F113ECC5E7661"
    },
    {
      "original": "What time did you wake up?",
      "traducao": "A que horas você acorda?",
      "ativo": true,
      "id": "F9C0976E1A4A0B2C38585921487957F6"
    },
    {
      "original": "What time does it start?",
      "traducao": "A que horas começa?",
      "ativo": true,
      "id": "4D3E9BD0AF34BE8B1ED1136E1D6EDCB9"
    },
    {
      "original": "What time do you think you'll arrive?",
      "traducao": "Que horas você acha que vai chegar?",
      "ativo": true,
      "id": "492D55DB22B33D3833477E68B5D50849"
    },
    {
      "original": "What time is it?",
      "traducao": "Que horas são?",
      "ativo": true,
      "id": "FF05AB78A3D62E1E4CFE8153FB0BD693"
    },
    {
      "original": "When are they coming?",
      "traducao": "Quado eles estão vindo?",
      "ativo": true,
      "id": "E282FA5B75E5775C099D24FDA1272176"
    },
    {
      "original": "When are you coming back?",
      "traducao": "Quando você volta?",
      "ativo": true,
      "id": "0B0E5FF229141CF24557924A067E243E"
    },
    {
      "original": "When are you going to pick up your friend?",
      "traducao": "Quando você vai buscar teu/tua amigo/a?",
      "ativo": true,
      "id": "17216E03247B6BCD5CCF36886785AEAD"
    },
    {
      "original": "When are you leaving?",
      "traducao": "Quando você parte?",
      "ativo": true,
      "id": "745B669BB9799901EBF5D3EE9F5D5A88"
    },
    {
      "original": "When are you moving?",
      "traducao": "Quando você se muda?",
      "ativo": true,
      "id": "C416D827D79C65486EEAAEE34102D246"
    },
    {
      "original": "When is the next bus to Philidalphia?",
      "traducao": "Quando é o próximo ônibus para a Filadélfia?",
      "ativo": true,
      "id": "0B0087BAE536E69D2F7722BDAC80BAA8"
    },
    {
      "original": "When is your birthday?",
      "traducao": "Quando é o teu aniversário?",
      "ativo": true,
      "id": "1B823974F7B22316A13C15A2D84D440C"
    },
    {
      "original": "When I went to the store, they didn't have any apples",
      "traducao": "Quando eu fui à loja ele não tinham nenhuma maçã",
      "ativo": true,
      "id": "FECB55ADD2F5EAD31721226B9CE0D715"
    },
    {
      "original": "When was the last time you talked to your mother?",
      "traducao": "Quando foi a última vez que você falou com tua mãe?",
      "ativo": true,
      "id": "0DDC71A8D836942AB07AE926E5130EF4"
    },
    {
      "original": "When will he be back?",
      "traducao": "Quando ele volta?",
      "ativo": true,
      "id": "20A9AABCC597608E94B8AA5E5784B96E"
    },
    {
      "original": "When will it be ready?",
      "traducao": "Quando ficará pronto?",
      "ativo": true,
      "id": "79AD0E522B3B4E65CC7D4BD5364594A1"
    },
    {
      "original": "Where are you going to go?",
      "traducao": "Onde você está indo?",
      "ativo": true,
      "id": "D053F85034F96117D007C4568BA6DE25"
    }
  ]
}