{
  "id": "90754491-ad78-4951-93d8-b1bc764fb564",
  "idioma-original": "eng-USA",
  "idioma-traducao": "por-BRA",
  "titulo": "08-No hotel",
  "data": "2020/01/13",
  "autor": "Ana Clara",
  "tipo": "frases",
  "destaque": false,
  "frases": [
    {
      "original": "Are you busy?",
      "traducao": "Você está ocupado?",
      "ativo": true,
      "id": "287262151B184E8C76B16E3C0AE2664F"
    },
    {
      "original": "Can we have some more bread please?",
      "traducao": "Posso ter um pouco de pão por favor?",
      "ativo": true,
      "id": "2435798604AF00159E2F2569AC5CF590"
    },
    {
      "original": "Do you have any money?",
      "traducao": "Você tem dinheiro?",
      "ativo": true,
      "id": "953427EAD3E03883CEAAE65D71F23622"
    },
    {
      "original": "For how many nights?",
      "traducao": "Por quantas noites?",
      "ativo": true,
      "id": "6834F266082FAA8B2EB796E9013DFCE5"
    },
    {
      "original": "How long will you be staying?",
      "traducao": "Quanto tempo você vai ficar?",
      "ativo": true,
      "id": "7F2031451A9878638C12A1BBE440B55C"
    },
    {
      "original": "I'd like a map of the city",
      "traducao": "Eu queria um mapa da cidade",
      "ativo": true,
      "id": "4CDC4464D6FE780164A00852EA2490E5"
    },
    {
      "original": "I'd like a non-smoking room",
      "traducao": "Eu queria um quarto de não fumante",
      "ativo": true,
      "id": "56574F96A9D804D3C83EA38A241513F6"
    },
    {
      "original": "I'd like a room",
      "traducao": "Eu queria um quarto",
      "ativo": true,
      "id": "4F5C8D578BCC4CC49C146451952DBE88"
    },
    {
      "original": "I'd like a room with two beds please",
      "traducao": "Eu queria um quarto com duas camas por favor",
      "ativo": true,
      "id": "8766C9A2DF8F6D82CC7C89219A43BEA7"
    },
    {
      "original": "I need a doctor",
      "traducao": "Eu preciso de um médico",
      "ativo": true,
      "id": "5695B107A6554BA410DD23E727999DCF"
    },
    {
      "original": "Is there a nightclub in town?",
      "traducao": "Tem uma casa noturna/danceteria na cidade?",
      "ativo": true,
      "id": "114DDB9217FF12A9AA4986582618A883"
    },
    {
      "original": "Is there a restaurant in the hotel?",
      "traducao": "Tem restaurante no hotel?",
      "ativo": true,
      "id": "4E707BED59FE223302C83D3292CC7FD1"
    },
    {
      "original": "Is there a store near here?",
      "traducao": "Tem uma loja por aqui?",
      "ativo": true,
      "id": "051ABE86D9DDDE602B5C59F6CC33DF20"
    },
    {
      "original": "Sorry, we don't have any vacancies",
      "traducao": "Desculpe, nós não temos vagas",
      "ativo": true,
      "id": "30888866BC4463A8443CCEF223FCBD0E"
    },
    {
      "original": "Take me to the Marriott Hotel",
      "traducao": "Leve-me para o Hotel Marriott",
      "ativo": true,
      "id": "BBA01147B9439DFB37667C85ED8C5A9C"
    },
    {
      "original": "What's the charge per night? (Hotel)",
      "traducao": "Qual é a diária? (hotel)",
      "ativo": true,
      "id": "44B2649876222A55E92A6B76F8115B7B"
    },
    {
      "original": "What time is check out?",
      "traducao": "A que horas é a saída do hotel?",
      "ativo": true,
      "id": "E3913AA4197D2A645226820AE74114D6"
    },
    {
      "original": "Where is the airport?",
      "traducao": "Onde fica o aerporto?",
      "ativo": true,
      "id": "690D938FEEAEA9CEDCCFC7DC56C997B5"
    },
    {
      "original": "Where's the mail box?",
      "traducao": "Onde tem uma caixa de correio?",
      "ativo": true,
      "id": "202A1027F3FA2443050A60497E751D5F"
    }
  ]
}