{
  "id": "fab12f72-435d-406f-bb05-47d1913dffee",
  "idioma-original": "eng-USA",
  "idioma-traducao": "por-BRA",
  "titulo": "09-Hora da refeição",
  "data": "2020/01/13",
  "autor": "Ana Clara",
  "tipo": "frases",
  "destaque": false,
  "frases": [
    {
      "original": "Are you here alone?",
      "traducao": "Você vai sozinho?",
      "ativo": true,
      "id": "704C1D327B7BD5C5FC21F78C5A1C84F8"
    },
    {
      "original": "Can I bring my friend?",
      "traducao": "Posso trazer meu amigo/minha amiga?",
      "ativo": true,
      "id": "8365C3200090746235CCCB6478A307EF"
    },
    {
      "original": "Can I have a receipt please?",
      "traducao": "Posso ter o recibo por favor?",
      "ativo": true,
      "id": "05AC45D02A61D6E995F07A8838A6624C"
    },
    {
      "original": "Can it be cheaper?",
      "traducao": "Posso ter um desconto?",
      "ativo": true,
      "id": "1B81046B9C3B996382B5C15DED710F63"
    },
    {
      "original": "Can we have a menu please",
      "traducao": "Você pode nos trazer o carápio por favor?",
      "ativo": true,
      "id": "05D8EBA533F7CFE513FFCEF1847252E0"
    },
    {
      "original": "Can you hold this for me?",
      "traducao": "Você pode segurar isso para mim?",
      "ativo": true,
      "id": "8395A3116A186BF84C384A445793AE31"
    },
    {
      "original": "Do you have any children?",
      "traducao": "Você tem filhos?",
      "ativo": true,
      "id": "AA0E76EEFFEC855F9FB6002961DF0F88"
    },
    {
      "original": "Do you know how much it costs?",
      "traducao": "Você sabe quanto custa?",
      "ativo": true,
      "id": "6ED232B1BED8741343BF0EC4AD1D9C38"
    },
    {
      "original": "Have you eaten at that restaurant?",
      "traducao": "Você já comeu num restaurante?",
      "ativo": true,
      "id": "F0CC5B242D2894E22DF0760CFBB578E0"
    },
    {
      "original": "Have you eaten yet?",
      "traducao": "Você já comeu?",
      "ativo": true,
      "id": "6F621BE868394445A64524CB6C098582"
    },
    {
      "original": "Have you ever had Potato soup?",
      "traducao": "Você já comeu sopa de batata?",
      "ativo": true,
      "id": "EE51CF7E44CA5991D6467F5ABCF25DE3"
    },
    {
      "original": "He likes juice but he doesn't like milk",
      "traducao": "Ele gosta de suco mas não gosta de leite",
      "ativo": true,
      "id": "0729C99FE91E6B4DD71C04EA27DC9048"
    },
    {
      "original": "Here is your salad",
      "traducao": "Aqui está sua salada",
      "ativo": true,
      "id": "2A9D4BC88DE83BA83F4CAF8A81555017"
    },
    {
      "original": "Here's your order",
      "traducao": "Aqui está o seu pedido",
      "ativo": true,
      "id": "0EB43952A7023BB24CCD8C7BD736402C"
    },
    {
      "original": "How does it taste?",
      "traducao": "Como está o sabor?",
      "ativo": true,
      "id": "35D69B01187BA3F80D1E6B1643454D25"
    },
    {
      "original": "How many people? (restaurant)",
      "traducao": "Para quantas pessoas? (restaurante)",
      "ativo": true,
      "id": "42189921229DBDC8451B0426DD2BD45A"
    },
    {
      "original": "I agree",
      "traducao": "Eu concordo",
      "ativo": true,
      "id": "FF84D0C6F1BA4CD6CA67BDF5EAE53B7B"
    },
    {
      "original": "I'd like a table near the window",
      "traducao": "Eu queria uma mesa perto da janela",
      "ativo": true,
      "id": "E3DA881D717043AA3C66F6977BDF4A73"
    },
    {
      "original": "I'd like to call the United States",
      "traducao": "Eu gostaria de ligar para os Estados Unidos",
      "ativo": true,
      "id": "C081EDEE73D5A376271AD1DCA39C0C56"
    },
    {
      "original": "I haven't been there",
      "traducao": "Eu nunca estive lá",
      "ativo": true,
      "id": "7F740245761CFFDB90EEEE48AFA42A1C"
    },
    {
      "original": "I haven't finished eating",
      "traducao": "Eu não acabei de comer",
      "ativo": true,
      "id": "430EE25824EE1012C180B52610009940"
    },
    {
      "original": "I like it",
      "traducao": "Eu gosto",
      "ativo": true,
      "id": "022A68CCA5B56B3286A7EB886C111ABC"
    },
    {
      "original": "I'll give you a call",
      "traducao": "Eu te dou uma ligada",
      "ativo": true,
      "id": "0CDD16DB4CD8B2BC416D5819CA4645ED"
    },
    {
      "original": "I'll have a cup of tea please",
      "traducao": "Eu quero uma xícara de chá por favor",
      "ativo": true,
      "id": "FAA642B281985656B33323076CA228F1"
    },
    {
      "original": "I'll have a glass of water please",
      "traducao": "Eu quero um copo com água por favor",
      "ativo": true,
      "id": "AD83603BE57D97CF8D95C5F1AC39B98A"
    },
    {
      "original": "I'm from America",
      "traducao": "Eu sou dos Estados Unidos",
      "ativo": true,
      "id": "5C26B77A3127C43F64A902CCB028FD51"
    },
    {
      "original": "I'm going to bed",
      "traducao": "Eu estou indo para a cama",
      "ativo": true,
      "id": "CB708420BCCF0E58BEA097AEF6D919F6"
    },
    {
      "original": "I'm here on business",
      "traducao": "Estou aqui a negócios",
      "ativo": true,
      "id": "E0D1CC5B2F37DD26ED771647591B48B9"
    },
    {
      "original": "I'm sorry",
      "traducao": "Lamento/Sinto muito",
      "ativo": true,
      "id": "997EAA9500F048ADB618D0E06A12E043"
    },
    {
      "original": "I only have 5 dollars",
      "traducao": "Eu tenho somente 5 dólares",
      "ativo": true,
      "id": "59F7B4786D810312A17C32AF2D4DA259"
    },
    {
      "original": "I think I need to see a doctor",
      "traducao": "Eu acho que eu preciso ir ao médico",
      "ativo": true,
      "id": "4E1459DBE92CAFDBE0AD15AF3E70A72E"
    },
    {
      "original": "It's August 25th",
      "traducao": "Hoje é 25 de agosto",
      "ativo": true,
      "id": "826BBE1D4CF0E5237A8465765E37CBD5"
    },
    {
      "original": "I understand",
      "traducao": "Eu entendo",
      "ativo": true,
      "id": "D561A1A23E87B854453B27556E363757"
    },
    {
      "original": "June 3rd",
      "traducao": "3 de junho",
      "ativo": true,
      "id": "25C0CA62C2E937BD4A44398A6C4CEE82"
    },
    {
      "original": "The food was delicious",
      "traducao": "A comida estava deliciosa",
      "ativo": true,
      "id": "80EB531E7DD82004EF2817D066148D34"
    },
    {
      "original": "There are some apples in the refrigerator",
      "traducao": "Tem algumas maçãs na geladeira",
      "ativo": true,
      "id": "47EB65534AF027515F0A10C05A2D96BC"
    },
    {
      "original": "There's a restaurant near here",
      "traducao": "Tem um restaurante aqui perto",
      "ativo": true,
      "id": "0325D2D84A711545FE5E0409A210FEA6"
    },
    {
      "original": "There's a restaurant over there, but I don't think it's very good",
      "traducao": "Tem um restaurante alí mas eu não acho que seja muito bom",
      "ativo": true,
      "id": "48841F99AD3667840EF1DF5179F85C52"
    },
    {
      "original": "Waiter!",
      "traducao": "Garçon!",
      "ativo": true,
      "id": "7DD5BCFA0925C09D966219A3D8116195"
    },
    {
      "original": "Waitress!",
      "traducao": "Garçonete!",
      "ativo": true,
      "id": "A4ABCDB54A5E812101E61BAEE42C5BF4"
    },
    {
      "original": "We can eat Italian or Chinese food",
      "traducao": "Nós podemos comer comida italiana ou chinesa",
      "ativo": true,
      "id": "71A17C84194B15552CF5900BCC0A621E"
    },
    {
      "original": "We'll have two glasses of water please",
      "traducao": "Nós queremos dois copos com água por favor",
      "ativo": true,
      "id": "34F60AD3FBC50BC3048D4E5CB3A9AC41"
    },
    {
      "original": "What are you going to have?",
      "traducao": "O que você vai quere?",
      "ativo": true,
      "id": "E3601D9EE766D8309DBB3B5B02A31CD1"
    },
    {
      "original": "What do you recommend?",
      "traducao": "O que você recomenda?",
      "ativo": true,
      "id": "55BE3AD709B43A76AA2B6E67E315761C"
    },
    {
      "original": "What's your email address?",
      "traducao": "Qual é o teu endereço eletrônico? (email)",
      "ativo": true,
      "id": "43D4AF22E4AAA982957235F10837BB52"
    },
    {
      "original": "What would you like to drink?",
      "traducao": "O que você gostaria de beber?",
      "ativo": true,
      "id": "C7CC3E71673C447CB73952DB98A64B08"
    },
    {
      "original": "What would you like to eat?",
      "traducao": "O que você gostaria de comer?",
      "ativo": true,
      "id": "87B771CC03265BDFCBFF33546CB39F81"
    },
    {
      "original": "Where is an ATM?",
      "traducao": "Onde tem um caixa eletrônico?",
      "ativo": true,
      "id": "21D616653F115370D539C9828BB31350"
    },
    {
      "original": "Where is there a doctor who speaks English?",
      "traducao": "Onde tem um médico que fale inglês?",
      "ativo": true,
      "id": "A91DF18EA9096E5DFC18C05FB17FCD26"
    },
    {
      "original": "Which one?",
      "traducao": "Qual deles?",
      "ativo": true,
      "id": "1F226982223B82651D8F011216AF9DAE"
    },
    {
      "original": "Would you ask him to come here?",
      "traducao": "Você pede a ele para vir aqui?",
      "ativo": true,
      "id": "B9793A99705E266886AA3BD61B54DA76"
    },
    {
      "original": "Would you like a glass of water?",
      "traducao": "Você gostaria de um copo com água?",
      "ativo": true,
      "id": "3F60E53865BA28B648CA4B673A613468"
    },
    {
      "original": "Would you like coffee or tea?",
      "traducao": "Você gostaria de café ou chá?",
      "ativo": true,
      "id": "C05790A89FE87EC5B97F8BE7B6519F66"
    },
    {
      "original": "Would you like something to drink?",
      "traducao": "Você gostaria de algo para beber?",
      "ativo": true,
      "id": "47B3ABEED3E9724F9200017D7333AE28"
    },
    {
      "original": "Would you like some water?",
      "traducao": "Você gostaria de um pouco de água?",
      "ativo": true,
      "id": "D16DF81FD1CCC4D604DA068D708B559B"
    },
    {
      "original": "Would you like some wine?",
      "traducao": "Você gostaria de um pouco de vinho?",
      "ativo": true,
      "id": "33CCC2C9BAC42BFFE9CAE75176EB2A80"
    },
    {
      "original": "Would you like to go for a walk?",
      "traducao": "Você gostaria de fazer um passeio?",
      "ativo": true,
      "id": "452B6072B340BA2D83F4B8DC9FFAF326"
    },
    {
      "original": "Would you like to watch TV?",
      "traducao": "Você gostaria de assistir TV?",
      "ativo": true,
      "id": "3185523DB89556E9F1C738DE4576A786"
    }
  ]
}