{
  "id": "a607cbaf-c3fd-4a36-b6d8-11a4f988a9b3",
  "idioma-original": "eng-USA",
  "idioma-traducao": "por-BRA",
  "titulo": "10-Fazendo amigos",
  "data": "2020/01/13",
  "autor": "Ana Clara",
  "tipo": "frases",
  "destaque": false,
  "frases": [
    {
      "original": "Are you American?",
      "traducao": "Você é americano?",
      "ativo": true,
      "id": "45509C72BA3CEF5200FC98487FF71211"
    },
    {
      "original": "Are you coming this evening?",
      "traducao": "Você vai vir hoje à noite?",
      "ativo": true,
      "id": "3F6D20671AA9CE992016280BE946CB4A"
    },
    {
      "original": "Are you free tonight?",
      "traducao": "Você está livre hoje à noite?",
      "ativo": true,
      "id": "3F3ABB2EF4A2C081778AD0D1781E9A7A"
    },
    {
      "original": "Are you going to take a plane or train?",
      "traducao": "Você vai pegar um avião ou um trem?",
      "ativo": true,
      "id": "2A2A3F145DACFC85D1A148E5F189346A"
    },
    {
      "original": "Are you hungry?",
      "traducao": "Você está com fome?",
      "ativo": true,
      "id": "FAE0D9068E3C31C04B6AE32E2A7D0AD8"
    },
    {
      "original": "Are you sure?",
      "traducao": "Você tem certeza?",
      "ativo": true,
      "id": "6BE8EEFD1646830D5345153CB0781017"
    },
    {
      "original": "Are you working Tomorrow?",
      "traducao": "Você vai trabalhar amanhã?",
      "ativo": true,
      "id": "D694441006FCCB3C7A7DCC71BF53127E"
    },
    {
      "original": "Business is good",
      "traducao": "O negócio é bom",
      "ativo": true,
      "id": "EDFD3060B136BFB9EDB1F956D21BD5D2"
    },
    {
      "original": "Cheers!",
      "traducao": "Saúde!",
      "ativo": true,
      "id": "B7F186A2F534A26119880105A68F4721"
    },
    {
      "original": "Did it snow yesterday?",
      "traducao": "Nevou ontem?",
      "ativo": true,
      "id": "3D51F3464E16A839937F9CB62AF8EBE6"
    },
    {
      "original": "Did you get my email?",
      "traducao": "Você recebeu meu email?",
      "ativo": true,
      "id": "E59F672C31E134CE72720D130E4A3219"
    },
    {
      "original": "Did you take your medicine?",
      "traducao": "Você tomou seu remédio?",
      "ativo": true,
      "id": "199A6B082AA9DD573A6C9D344BC0718B"
    },
    {
      "original": "Do you feel better?",
      "traducao": "Você está melhor?",
      "ativo": true,
      "id": "D5768069AB9C612B4AF72A02844075A0"
    },
    {
      "original": "Do you go to Florida often?",
      "traducao": "Você vai frequentemente para a Flórida?",
      "ativo": true,
      "id": "063FA160B74A67E292948ACBC6C69850"
    },
    {
      "original": "Do you have another one?",
      "traducao": "Você tem um outro?",
      "ativo": true,
      "id": "31EED1B0B775ACAD0E2F054541E84E21"
    },
    {
      "original": "Do you know where there's a store that sells towels?",
      "traducao": "Você sabe onde tem uma loja que vende toalhas?",
      "ativo": true,
      "id": "C9095A64543A3946C3FAFDD9B046ECBE"
    },
    {
      "original": "Do you like it here?",
      "traducao": "Você gosta daqui?",
      "ativo": true,
      "id": "4D72DF880D8FCCD3CD824ED840E34540"
    },
    {
      "original": "Do you like the book?",
      "traducao": "Você gosta deste livro?",
      "ativo": true,
      "id": "E1AD685D6B70319237128E73332C709B"
    },
    {
      "original": "Do you need anything?",
      "traducao": "Você precisa de alguma coisa?",
      "ativo": true,
      "id": "9D760E9B3D27F834C0D57153550E924A"
    },
    {
      "original": "Do you play any sports?",
      "traducao": "Você pratica algum esporte?",
      "ativo": true,
      "id": "5555A892DEA0ED23A69A2E1A019F686C"
    },
    {
      "original": "Do you sell medicine? (store)",
      "traducao": "Você vende remédios?",
      "ativo": true,
      "id": "1DC0E137402C1D2A529A1CD8E3EA8664"
    },
    {
      "original": "Do you study English?",
      "traducao": "Você estuda inglês?",
      "ativo": true,
      "id": "674D5050286EA8406791849FE02C53F1"
    },
    {
      "original": "Do you want to come with me?",
      "traducao": "Você quer vir comigo?",
      "ativo": true,
      "id": "E200CD984349D242192347AEF4D28FC9"
    },
    {
      "original": "Do you want to go with me?",
      "traducao": "Você quer ir comigo?",
      "ativo": true,
      "id": "B282AA121827F0E1C078F84930665894"
    },
    {
      "original": "Excuse me",
      "traducao": "Com licença",
      "ativo": true,
      "id": "5E436F3356A6AE4A3EC1087F8EEAA024"
    },
    {
      "original": "Give me a call",
      "traducao": "Me telefona",
      "ativo": true,
      "id": "1DFCF47BE3453BC346456A24870703F2"
    },
    {
      "original": "Has your brother been to California?",
      "traducao": "O teu irmão já foi à Califórnia?",
      "ativo": true,
      "id": "495C3A23EC1972917268C034E76AC1A0"
    },
    {
      "original": "Have they met her yet?",
      "traducao": "Você já a encontrou?",
      "ativo": true,
      "id": "376444A4062ACBEBEA2FD360B90DFB0D"
    },
    {
      "original": "Have you done this before?",
      "traducao": "Você já fez isso antes?",
      "ativo": true,
      "id": "018D4A7D186BB111494A4F9ED123EDB2"
    },
    {
      "original": "How long have you been here?",
      "traducao": "Há quanto tempo você está aqui?",
      "ativo": true,
      "id": "4CBBA96E82D1258DF19F874ADFB797F5"
    },
    {
      "original": "How long have you been in America?",
      "traducao": "Há quanto tempo você está na América?",
      "ativo": true,
      "id": "4260A7D0B3D3AF2E3A2DDC7A4CD7696B"
    },
    {
      "original": "How long have you lived here?",
      "traducao": "Há quanto tempo você vive aqui?",
      "ativo": true,
      "id": "2E020C85784895E113E373183DF7C25A"
    },
    {
      "original": "How many children do you have?",
      "traducao": "Quantos filhos você tem?",
      "ativo": true,
      "id": "49E6F55FCB7A5535B019FBC524473C67"
    },
    {
      "original": "How many languages do you speak?",
      "traducao": "Quantos idiomas você fala?",
      "ativo": true,
      "id": "A43470F3035D3773DA2D427F3A8F6B3E"
    },
    {
      "original": "How many people do you have in your family?",
      "traducao": "Quantas pessoas tem na tua família?",
      "ativo": true,
      "id": "F1CD12C303F77E83F11F802D5197C50E"
    },
    {
      "original": "How much would you like?",
      "traducao": "Quanto você gostaria?",
      "ativo": true,
      "id": "A3D16D1B7A33A825109BD0D8BFD36AAC"
    },
    {
      "original": "How old are you?",
      "traducao": "Quantos anos você tem?",
      "ativo": true,
      "id": "A21ABFC2C5CCA02C0C206B89495888A4"
    },
    {
      "original": "I bought a shirt yesterday",
      "traducao": "Eu comprei uma camisa ontem",
      "ativo": true,
      "id": "1C11B3A8367E15A72D07530C780FB11A"
    },
    {
      "original": "I don't feel well",
      "traducao": "Eu não me sinto bem",
      "ativo": true,
      "id": "FABE1A9BAD76D1619F88197A47E518DF"
    },
    {
      "original": "I have pain in my arm",
      "traducao": "Eu tenho dor no meu braço",
      "ativo": true,
      "id": "452EEB80F38A943151CC33B6071E2573"
    },
    {
      "original": "I have to wash my clothes",
      "traducao": "Eu tenho que lavar minhas roupas",
      "ativo": true,
      "id": "18EAEA9298C51566C195646CDB149AFF"
    },
    {
      "original": "I have two sisters",
      "traducao": "Eu tenho duas irmãs",
      "ativo": true,
      "id": "424ABED185E39133AD60C9C0AED61F60"
    },
    {
      "original": "I'll tell him you called",
      "traducao": "Eu direi a ele que você ligou",
      "ativo": true,
      "id": "514642306B587708649D40337FA04DDA"
    },
    {
      "original": "I'm 32",
      "traducao": "Eu tenho 32",
      "ativo": true,
      "id": "18E100D33E220D1AE4C6C9EC48416E77"
    },
    {
      "original": "I'm 6'2\"",
      "traducao": "Eu meço 6'2\" (1.87m)",
      "ativo": true,
      "id": "8E2679F21AF4FB6081A6A246DA9EA83C"
    },
    {
      "original": "I'm allergic to seafood",
      "traducao": "Eu sou alérgico a frutos do mar",
      "ativo": true,
      "id": "811602F98C30136ABABBA621A6D67CCC"
    },
    {
      "original": "I'm American",
      "traducao": "Eu sou americano",
      "ativo": true,
      "id": "91752FAB02DBBFC3EA9CCBF928B3E1C8"
    },
    {
      "original": "I'm a size 8",
      "traducao": "Meu tamanho é 8 (38)",
      "ativo": true,
      "id": "B1FA29E3F91B564A4C594F40F40E2B6D"
    },
    {
      "original": "I'm fine, and you?",
      "traducao": "Eu estou bem, e você?",
      "ativo": true,
      "id": "009B1CE6441C1BE344E6232518E2629B"
    },
    {
      "original": "I'm not afraid",
      "traducao": "Eu não estou com medo",
      "ativo": true,
      "id": "5F894D9FE7B47182D95271C9D4D883A9"
    },
    {
      "original": "I'm sick",
      "traducao": "Eu estou doente",
      "ativo": true,
      "id": "DE61D52313BA15AFD72F5C7EF65B786F"
    },
    {
      "original": "I remember",
      "traducao": "Eu me lembro",
      "ativo": true,
      "id": "8399853C1F59A941899A14A769BDC617"
    },
    {
      "original": "I speak a little English",
      "traducao": "Eu falo um pouco de inglês",
      "ativo": true,
      "id": "F3D73F3085C17CBF4D4C138C3BE8D272"
    },
    {
      "original": "Is your house like this one?",
      "traducao": "A tua casa é como esta?",
      "ativo": true,
      "id": "67D805F054F8B766835D0C59687D54C7"
    },
    {
      "original": "Is your husband also from Boston?",
      "traducao": "O teu marido também é de Boston?",
      "ativo": true,
      "id": "94FBC8B6736A512D2A57410FCD3BE189"
    },
    {
      "original": "It's not very expensive",
      "traducao": "Não é muito caro",
      "ativo": true,
      "id": "50A076349B22DD64E14EFBD392ED724A"
    },
    {
      "original": "I've been there",
      "traducao": "Eu já estive lá",
      "ativo": true,
      "id": "20E0ACD1A96DE55B5362CBC8B17C478A"
    },
    {
      "original": "Let's share",
      "traducao": "Vamos dividir",
      "ativo": true,
      "id": "3708FE728B9089F1B325A7629A6241F2"
    },
    {
      "original": "My daughter is here",
      "traducao": "Minha filha está aqui",
      "ativo": true,
      "id": "6EE3A3542FE01997069A5F1F2287588D"
    },
    {
      "original": "My father has been there",
      "traducao": "Meu pai já esteve lá",
      "ativo": true,
      "id": "8C71B8F1B40CCFC8873E82558FD3E195"
    },
    {
      "original": "My father is a lawyer",
      "traducao": "Meu pai é advogado",
      "ativo": true,
      "id": "586C51F2F2A306FFE649E88BE847E5DD"
    },
    {
      "original": "My grandmother passed away last year",
      "traducao": "Meu/Minha avô/avó morreu no ano passado",
      "ativo": true,
      "id": "92D5FC9D08CF4CA77C30C79430DB1FC4"
    },
    {
      "original": "My name is John Smith",
      "traducao": "Meu nome é John Smith",
      "ativo": true,
      "id": "DE09B1B65970D7740D43BB05D5D62166"
    },
    {
      "original": "My son",
      "traducao": "Meu filho",
      "ativo": true,
      "id": "1235A2F63C3F8EFFBC6AA045C0EDEAD0"
    },
    {
      "original": "My son studies computers",
      "traducao": "Me filho estuda computação",
      "ativo": true,
      "id": "352CC46B5B4D67E7F1D28624F06BCDD3"
    },
    {
      "original": "No, I'm American",
      "traducao": "Não, eu sou americano",
      "ativo": true,
      "id": "FA3B14C75276AA660B4ED4B37D16C2B1"
    },
    {
      "original": "No, this is the first time",
      "traducao": "Não, esta é a primeira vez",
      "ativo": true,
      "id": "71CB79BAE8702A309EB1FE2B35A78801"
    },
    {
      "original": "Our children are in America",
      "traducao": "Nossos filhos estão nos Estados Unidos",
      "ativo": true,
      "id": "C62E6EB06AABCB106EA4924895E5C0F9"
    },
    {
      "original": "She's an expert",
      "traducao": "Ela é uma especialista/perita",
      "ativo": true,
      "id": "FC517AC241ED497B379D89AA8F8A3E37"
    },
    {
      "original": "She's older than me",
      "traducao": "Ela é mais velha que eu",
      "ativo": true,
      "id": "0D60E98F6E025245F0BFB08BD794E35A"
    },
    {
      "original": "That car is similar to my car",
      "traducao": "Aquele carro parece o meu",
      "ativo": true,
      "id": "ED9BC79DFCC671E2220373A296C4EEA5"
    },
    {
      "original": "This is Mrs. Smith",
      "traducao": "Esta é a Sra. Smith",
      "ativo": true,
      "id": "C62F31487709CB571DBEC74E0CF087A5"
    },
    {
      "original": "This is my mother",
      "traducao": "Esta é a minha mãe",
      "ativo": true,
      "id": "21D2A610066CDA30FB175864DDA45BD3"
    },
    {
      "original": "This is the first time I've been here",
      "traducao": "Esta é a primeira vez que eu venho aqui",
      "ativo": true,
      "id": "3D13D425D5CB18CFB6F32D9D14B4CEAC"
    },
    {
      "original": "We have two boys and one girl",
      "traducao": "Nós temos dois garotos e uma garota",
      "ativo": true,
      "id": "A9E09AAA872C37DB5CAB084BA7EF70FA"
    },
    {
      "original": "What are you going to do tonight?",
      "traducao": "O que você vai fazer hoje à noite?",
      "ativo": true,
      "id": "3422DCED117977F6C97E52EC2238C2FD"
    },
    {
      "original": "What are your hobbies?",
      "traducao": "Quais são os teus passsatempos?",
      "ativo": true,
      "id": "10BF30307231DB1721761D9CD60CAF2A"
    },
    {
      "original": "What do you study?",
      "traducao": "O que você estuda?",
      "ativo": true,
      "id": "D9717DDA5F9C83203177A2C613ADB4F2"
    },
    {
      "original": "What do you want to do?",
      "traducao": "O que você quer fazer?",
      "ativo": true,
      "id": "B901AFE21A3430AB436134A13CD69993"
    },
    {
      "original": "What school did you go to?",
      "traducao": "Em que escola você foi?",
      "ativo": true,
      "id": "B0DB6E37F773C859DAFA5CBF0747A696"
    },
    {
      "original": "What's your favorite movie?",
      "traducao": "Qual é o teu filme favorito?",
      "ativo": true,
      "id": "470126B4CFA3615EFBC7A6EB41E985B3"
    },
    {
      "original": "What's your last name?",
      "traducao": "Qual é o teu sobrenome?",
      "ativo": true,
      "id": "78216EAD7275C5AFBABDF792513E5261"
    },
    {
      "original": "What's your name?",
      "traducao": "Qual é o teu nome?",
      "ativo": true,
      "id": "37BEF746DD4210ACF00C853197F0E215"
    },
    {
      "original": "Where are the t-shirts?",
      "traducao": "Onde estão as camisetas?",
      "ativo": true,
      "id": "1C5C764B9D1043A47E0CF439452222D2"
    },
    {
      "original": "Where did you go?",
      "traducao": "Onde você foi?",
      "ativo": true,
      "id": "617F753C94EAF15AD30361A38D66EC11"
    },
    {
      "original": "Where did you learn English?",
      "traducao": "Onde você aprendeu inglês?",
      "ativo": true,
      "id": "94A09323F9C024C417812637F925EBA9"
    },
    {
      "original": "Where did you work before you worked here?",
      "traducao": "Onde você trabalhou antes daqui?",
      "ativo": true,
      "id": "6083D27AAB9F8725728673C6E213FDB0"
    },
    {
      "original": "Where do you live?",
      "traducao": "Onde você mora?",
      "ativo": true,
      "id": "B5D8A34886890FD3715606AF07195323"
    },
    {
      "original": "Where were you?",
      "traducao": "Onde você estava?",
      "ativo": true,
      "id": "B9B5EB77DEC5B69AFD83EEC21A75158D"
    },
    {
      "original": "Who sent this letter?",
      "traducao": "Quem mandou esta carta?",
      "ativo": true,
      "id": "936CB1EE84B4236472B04D0FCF58BC9D"
    },
    {
      "original": "Would you like to buy this?",
      "traducao": "Você gostaria de comprar isto?",
      "ativo": true,
      "id": "4F63C19DDD5CF15551E7062454B3DF86"
    },
    {
      "original": "Your children are very well behaved",
      "traducao": "Teus filhos se comportam muito bem",
      "ativo": true,
      "id": "941DB5281A9EDB8D3E8C1DFF512C7EB2"
    },
    {
      "original": "Your daughter",
      "traducao": "Sua filha",
      "ativo": true,
      "id": "23247357A4C240A626AAA5488C22641F"
    },
    {
      "original": "You're smarter than him",
      "traducao": "Você é mais esperto/a que ele",
      "ativo": true,
      "id": "0C4DC4E3760B5DAD53C9725E5FF89E48"
    },
    {
      "original": "You speak English very well",
      "traducao": "Você fala inglês muito bem",
      "ativo": true,
      "id": "AAD37188DC083D320F2B8152D416C9F3"
    }
  ]
}