{
  "id": "cd6c3831-93d7-4cb0-9852-c2fd53b84f6e",
  "idioma-original": "eng-USA",
  "idioma-traducao": "por-BRA",
  "titulo": "11-Se divertindo",
  "data": "2020/01/13",
  "autor": "Ana Clara",
  "tipo": "frases",
  "destaque": false,
  "frases": [
    {
      "original": "Are there any concerts?",
      "traducao": "Tem algum show?",
      "ativo": true,
      "id": "29EFA11B30F64DA5F97D87F7A2607604"
    },
    {
      "original": "Do you want to go to the movies?",
      "traducao": "Você quer ir ao cinema?",
      "ativo": true,
      "id": "83FB961718964BEBDA5CD4E15CB890E5"
    },
    {
      "original": "Have you seen this movie?",
      "traducao": "Você já assistiu este filme?",
      "ativo": true,
      "id": "27DE07BA8A1B37E4661D6C9E7836EE9C"
    },
    {
      "original": "He said you like to watch movies",
      "traducao": "Ele disse que você gosta de assistir filmes",
      "ativo": true,
      "id": "C0B57667E425DF5EDEC6C2F126581634"
    },
    {
      "original": "How tall are you?",
      "traducao": "Quanto você mede?",
      "ativo": true,
      "id": "9A6201845F0F627DD16CE173B7718F07"
    },
    {
      "original": "Is the bank far?",
      "traducao": "O banco é longe?",
      "ativo": true,
      "id": "5F45EF6BCB46A9D4EE5450AD857FF301"
    },
    {
      "original": "Is there a movie theater nearby?",
      "traducao": "Tem um cinema por aqui?",
      "ativo": true,
      "id": "7FF0D22732599D438A29A3ADFDDE7535"
    },
    {
      "original": "What do people usually do in the summer in Los Angeles?",
      "traducao": "O que as pessoas geralmente fazerm no verão em Los Angeles?",
      "ativo": true,
      "id": "366C7AB497ED0FF63AAAB24F52B91203"
    },
    {
      "original": "What kind of music do you like?",
      "traducao": "Que tipo de música voce gosta?",
      "ativo": true,
      "id": "4D9CFE9E6410B96E45361D086D8C6670"
    },
    {
      "original": "What's your favorite food?",
      "traducao": "Qual é a tua comida favorita?",
      "ativo": true,
      "id": "28784C920DEB9715EB4D3515CECDC925"
    },
    {
      "original": "What time does the movie start?",
      "traducao": "A que horas o filme começa?",
      "ativo": true,
      "id": "CEFF5810F01E9A6C383AA1CED48ED862"
    },
    {
      "original": "Who was your teacher?",
      "traducao": "Quer foi teu professor/tua professora?",
      "ativo": true,
      "id": "CDC6880A6100C3E531DBA03B011F1599"
    },
    {
      "original": "Would you like to have dinner with me?",
      "traducao": "Você gostaria de jantar comigo?",
      "ativo": true,
      "id": "0CEFEF16B4CDF184CC729B6C8E597675"
    },
    {
      "original": "Would you like to rent a movie?",
      "traducao": "Você gostaria de alugar um filme?",
      "ativo": true,
      "id": "22925E7FC0E574F1228929E5B182CE51"
    }
  ]
}