{
  "id": "91bea223-966d-4b3d-b3b6-08895be80004",
  "idioma-original": "eng-USA",
  "idioma-traducao": "por-BRA",
  "titulo": "12-Nas compras",
  "data": "2020/01/13",
  "autor": "Ana Clara",
  "tipo": "frases",
  "destaque": false,
  "frases": [
    {
      "original": "Can I have a glass of water please?",
      "traducao": "Posso ter um copo com água por favor?",
      "ativo": true,
      "id": "38F2FA7CD0F17BF94FC6B0D016A37D46"
    },
    {
      "original": "Can I use your phone?",
      "traducao": "Posso usar teu telefone?",
      "ativo": true,
      "id": "41122778F6E4495311E65537DBEBD03C"
    },
    {
      "original": "Do you have any vacancies?",
      "traducao": "Você tem férias?",
      "ativo": true,
      "id": "1959A8AFCA604DE15E2005459F1BF165"
    },
    {
      "original": "Do you have the number for a taxi?",
      "traducao": "Você tem um telefone de um táxi?",
      "ativo": true,
      "id": "EF12ED7BAADF85794A41B0A5344B5A56"
    },
    {
      "original": "Do you know her?",
      "traducao": "Você a conhece?",
      "ativo": true,
      "id": "6DF10FFB7E2E908EC163FE09E6C1BED4"
    },
    {
      "original": "Do you know where she is?",
      "traducao": "Você sabe onde ela está?",
      "ativo": true,
      "id": "1768C16B2B4CFA2ADDB194427B052138"
    },
    {
      "original": "Do you play basketball?",
      "traducao": "Você joga basquete?",
      "ativo": true,
      "id": "A18F8A066BD369A4E783747C00E96DC8"
    },
    {
      "original": "Fill it up, please. (gas station)",
      "traducao": "Encha o tanque por favor",
      "ativo": true,
      "id": "BE0B9ADBDAF8A243D2405C62AA30D116"
    },
    {
      "original": "He needs some new clothes",
      "traducao": "Ele precisa de roupas novas",
      "ativo": true,
      "id": "A779C151EA40D902BE6A0257136442E5"
    },
    {
      "original": "How much is that?",
      "traducao": "Quanto custa isso?",
      "ativo": true,
      "id": "1FFFA6627F97E68177B51C8DA4BE0AE2"
    },
    {
      "original": "How much is this?",
      "traducao": "Quanto custa isto?",
      "ativo": true,
      "id": "82F6157AA5DDD8996317580289788AB5"
    },
    {
      "original": "I believe you",
      "traducao": "Eu acredito em você",
      "ativo": true,
      "id": "2C33711D0A2753ED3F0013B5E1071115"
    },
    {
      "original": "I'd like the number for the Hilton Hotel please",
      "traducao": "Eu gostaria do telefone do Hotel Hilton, por favor",
      "ativo": true,
      "id": "2B2F15871531D10F6427B040DF01D826"
    },
    {
      "original": "I'd like to buy a phone card please",
      "traducao": "Eu gostaria de comprar um cartão telefônico, por favor",
      "ativo": true,
      "id": "0CAF987D271371227AEB7A7C426B7C9C"
    },
    {
      "original": "I'd like to go home",
      "traducao": "Eu gostaria de ir para casa",
      "ativo": true,
      "id": "30E1C3366EF1A2BA889600C8914883CF"
    },
    {
      "original": "I'd like to go shopping",
      "traducao": "Eu gostaria de ir às compras",
      "ativo": true,
      "id": "AAEA67E7AE29574DE59092AE7A15DFFB"
    },
    {
      "original": "If you like it I can buy more",
      "traducao": "Se você gosta eu posso comprar mais",
      "ativo": true,
      "id": "FC20E6DD366745045B8A4A190D29EC1E"
    },
    {
      "original": "I'm a beginner",
      "traducao": "Eu sou iniciante",
      "ativo": true,
      "id": "325E51F5AE449DCD39E1DDEDE4269581"
    },
    {
      "original": "I'm full",
      "traducao": "Eu estou satisfeito",
      "ativo": true,
      "id": "743080CDAA29E433A04E0876CB8DF25E"
    },
    {
      "original": "I'm just kidding",
      "traducao": "Estou só brincando",
      "ativo": true,
      "id": "6FF0537B60B4D16D201D404FAA995FA3"
    },
    {
      "original": "I'm single",
      "traducao": "Eu sou solteiro",
      "ativo": true,
      "id": "D1CA7A6FCEB6153A724B843F2EA30AD6"
    },
    {
      "original": "I speak two languages",
      "traducao": "Eu falo dois idiomas",
      "ativo": true,
      "id": "A53583B381F9A43B5AB63EC01251B825"
    },
    {
      "original": "I thought he said something else",
      "traducao": "Eu pensei que ele disse outra coisa",
      "ativo": true,
      "id": "C716991E07F96EBBBFF6F70E7E7FA313"
    },
    {
      "original": "It's not too far",
      "traducao": "Não é muito longe",
      "ativo": true,
      "id": "D77B3CC688559520FDA054DA3A4D6A1F"
    },
    {
      "original": "I usually drink coffee at breakfast",
      "traducao": "Eu geralmente tomo um cafezinho no café da manhã",
      "ativo": true,
      "id": "528B944ABF9FB1E38B889E8F9E7426CE"
    },
    {
      "original": "Sorry, we don't have any",
      "traducao": "Desculpe, nós não temos nenhum/a",
      "ativo": true,
      "id": "C2012FEC56D01DF1AEA109613C15BE50"
    },
    {
      "original": "The books are expensive",
      "traducao": "Os livros são caros",
      "ativo": true,
      "id": "386E1796C465BF0FE92A137152D77A36"
    },
    {
      "original": "Try it on",
      "traducao": "Prove-o",
      "ativo": true,
      "id": "3CB6A29AE31EFE726476F74A820F1CB8"
    },
    {
      "original": "What do you want to buy?",
      "traducao": "O que você quer comprar?",
      "ativo": true,
      "id": "0745B0D006C245F04104952F12C93B25"
    },
    {
      "original": "What size?",
      "traducao": "Que tamanho?",
      "ativo": true,
      "id": "76F09698DBBFD3F4D86BBAE9E010F90F"
    },
    {
      "original": "What time does the store open?",
      "traducao": "A que horas a loja abre?",
      "ativo": true,
      "id": "DB84EDB5D255AEDC7FE25D53E5CDA4FB"
    },
    {
      "original": "When does the plane arrive?",
      "traducao": "Quando chega o avião?",
      "ativo": true,
      "id": "780134EEF03D90A259386FDFD0830D02"
    },
    {
      "original": "Where are you?",
      "traducao": "Onde estã você?",
      "ativo": true,
      "id": "6869118C1D1D974408015E5824B9A37E"
    },
    {
      "original": "Would you like something to eat?",
      "traducao": "Você gostaria de algo para comer?",
      "ativo": true,
      "id": "A574D47BD4E0D003C7965BF377F454E0"
    }
  ]
}