{
  "id": "eeae3cea-b907-4710-9a7b-8ecc980920d6",
  "idioma-original": "eng-USA",
  "idioma-traducao": "por-BRA",
  "titulo": "13-Dificuldades na comunicação",
  "data": "2020/01/13",
  "autor": "Ana Clara",
  "tipo": "frases",
  "destaque": false,
  "frases": [
    {
      "original": "Am I pronouncing it correctly?",
      "traducao": "E estou pronunciando corretamente?",
      "ativo": true,
      "id": "1DD0E12DE05250A4B0A6FCEAA7721E23"
    },
    {
      "original": "Can you do me a favor?",
      "traducao": "Você pode me fazer um favor?",
      "ativo": true,
      "id": "5D7E399FAD77C99E556295230CBF9181"
    },
    {
      "original": "Can you help me?",
      "traducao": "Você pode me ajudar?",
      "ativo": true,
      "id": "444C73E01D71DF73E47BBAAF4A611F09"
    },
    {
      "original": "Can you please say that again?",
      "traducao": "Você pode dizer isso novamente por favor?",
      "ativo": true,
      "id": "0816C72E814C84438982E4FC5CA2D424"
    },
    {
      "original": "Can you show me?",
      "traducao": "Você pode me mostar?",
      "ativo": true,
      "id": "FED761B136A5241FCB9AD111D62A0640"
    },
    {
      "original": "Can you throw that away for me?",
      "traducao": "Você pode jagar isso fora pra mim?",
      "ativo": true,
      "id": "598AECA6C8C2E2B204DC1CDE7C85F5BA"
    },
    {
      "original": "Does anyone here speak English?",
      "traducao": "Alguém fala inglês?",
      "ativo": true,
      "id": "E1C89EF192DF9BA81AAFE20AD978EE8F"
    },
    {
      "original": "Don't do that",
      "traducao": "Não faça isso",
      "ativo": true,
      "id": "4A3F71841C2BA618F9E5908DB32EA698"
    },
    {
      "original": "Do you believe that?",
      "traducao": "Você acredita nisso?",
      "ativo": true,
      "id": "E864A4BE91DDBE12A0C0DD215C405224"
    },
    {
      "original": "Do you have a pencil?",
      "traducao": "Você tem um lápis?",
      "ativo": true,
      "id": "DF13768DF777B037D4301E7D26B2DE09"
    },
    {
      "original": "Do you smoke?",
      "traducao": "Você fuma?",
      "ativo": true,
      "id": "78C9F1E4F13027F1AE79781A2EC7B4E4"
    },
    {
      "original": "Do you speak English?",
      "traducao": "Você fala inglês?",
      "ativo": true,
      "id": "DC954B834596F1AB1D44E96185AF1263"
    },
    {
      "original": "Excuse me, what did you say?",
      "traducao": "Desculpe-me, o que voce disse?",
      "ativo": true,
      "id": "569E0B442E2B81E8A0D8F5AD8F642B73"
    },
    {
      "original": "Forget it",
      "traducao": "Esquece",
      "ativo": true,
      "id": "503A8A5C58F560932623FB774E0C63BD"
    },
    {
      "original": "How do you pronounce that?",
      "traducao": "Como você pronuncia isso?",
      "ativo": true,
      "id": "71BAEB7A57D90112A4390C0916904E9C"
    },
    {
      "original": "How do you say it in English?",
      "traducao": "Como você diz isso em inglês?",
      "ativo": true,
      "id": "975BB5B0143F5696D8FF372FAB72FE6F"
    },
    {
      "original": "How do you spell it?",
      "traducao": "Como você soletra isso?",
      "ativo": true,
      "id": "616B67C0AFD787B5E5736D54E7BC510A"
    },
    {
      "original": "How do you spell the word \"Seattle?\"",
      "traducao": "Como você soletra a palavra \"Seattle\"?",
      "ativo": true,
      "id": "267B2F683C624C3516DBE2CA3FD5FEDD"
    },
    {
      "original": "I can swim",
      "traducao": "Eu sei nadar",
      "ativo": true,
      "id": "0507C35B48CF026B586F6213D6FAA483"
    },
    {
      "original": "I can't hear you clearly",
      "traducao": "Eu posso te ouvir claramente",
      "ativo": true,
      "id": "39CD4416459AC5E194C14EB8D25D8EF3"
    },
    {
      "original": "I don't mind",
      "traducao": "Eu não me importo",
      "ativo": true,
      "id": "4A7A86EA84455A4B7739A27AEFFB99E3"
    },
    {
      "original": "I don't speak English very well",
      "traducao": "Eu não falo inglês muito bem",
      "ativo": true,
      "id": "A9D2FDB84A07ADDB72BCB7B9B83C2389"
    },
    {
      "original": "I don't think so",
      "traducao": "Eu acho que não",
      "ativo": true,
      "id": "AF22E129E3AAC44D5BFCC42B801F5C33"
    },
    {
      "original": "I don't understand what your saying",
      "traducao": "Eu não entendo o que você está dizendo",
      "ativo": true,
      "id": "C2859FCA64C5B137114C5787260EA031"
    },
    {
      "original": "Is there air conditioning in the room?",
      "traducao": "Tem ar condicionado neste quarto?",
      "ativo": true,
      "id": "700F36B3F466C936A56C978D379F00B1"
    },
    {
      "original": "I think you have too many clothes",
      "traducao": "Eu acho que você tem muitas roupas",
      "ativo": true,
      "id": "033FBF42F0E9CFE0921D3E4957AC888C"
    },
    {
      "original": "I trust you",
      "traducao": "Eu confio em você",
      "ativo": true,
      "id": "185EDF9B0AF25DC8E2D090134E0F49FA"
    },
    {
      "original": "I understand now",
      "traducao": "Eu compreendo agora",
      "ativo": true,
      "id": "C0E93B1B4474B699998418F209371483"
    },
    {
      "original": "Let's meet in front of the hotel",
      "traducao": "Vamos nos encontrar em frente ao hotel",
      "ativo": true,
      "id": "3E7464E2B7C89C62716415A3FF66E01F"
    },
    {
      "original": "Please sit down",
      "traducao": "Por favor, sente-se",
      "ativo": true,
      "id": "A6C07157F1E85BF3BF3FF9D38D2E84CD"
    },
    {
      "original": "Please speak English",
      "traducao": "Por favor, fale inglês",
      "ativo": true,
      "id": "8CFE39E3F11FC629E6DB06E376C8AEB8"
    },
    {
      "original": "Please speak more slowly",
      "traducao": "Por favor, fale mais devagar",
      "ativo": true,
      "id": "54CDCA3BF892081B13DC1A0A37B68052"
    },
    {
      "original": "Sorry, I didn't hear clearly",
      "traducao": "Desculpe, eu não ouvi claramente",
      "ativo": true,
      "id": "4B8979416E4D578E3C4B7B78AF2725AB"
    },
    {
      "original": "That means friend",
      "traducao": "Isso significa amigo",
      "ativo": true,
      "id": "B4D2191F2C4B04D21538276858A6AAB8"
    },
    {
      "original": "That's wrong",
      "traducao": "Está errado",
      "ativo": true,
      "id": "7636F041A760D18EF09E0CEEEF64CFE8"
    },
    {
      "original": "Try to say it",
      "traducao": "Tente dizê-lo",
      "ativo": true,
      "id": "CF89830250895B9CBA65DB70DC23209A"
    },
    {
      "original": "What does this mean?",
      "traducao": "O que isso significa?",
      "ativo": true,
      "id": "D8105A3D58D744BB1B5732631443ABC4"
    },
    {
      "original": "What does this say?",
      "traducao": "O que isso diz?",
      "ativo": true,
      "id": "47C546D1972DAC1072F3B48D62894A50"
    },
    {
      "original": "What does this word mean?",
      "traducao": "O que significa esta palavra?",
      "ativo": true,
      "id": "D00FC37CEC0096F496C1EF6EFD9F8027"
    },
    {
      "original": "What's the exchange rate?",
      "traducao": "Qual é a taxa de conversão?",
      "ativo": true,
      "id": "BA9D0A0FBD16549F64AB62C97784593A"
    },
    {
      "original": "Whose book is that?",
      "traducao": "De quem é esse livro?",
      "ativo": true,
      "id": "91A215882950E9C9408C341A57C1B480"
    },
    {
      "original": "Why aren't you going?",
      "traducao": "Por que você está indo?",
      "ativo": true,
      "id": "27EEBC7735FEA136ECDF50A56A52EF0C"
    },
    {
      "original": "Why are you laughing?",
      "traducao": "Quem está rindo?",
      "ativo": true,
      "id": "499B755066507F18D4A64C89673468DF"
    },
    {
      "original": "Why did you do that?",
      "traducao": "Por que você fez isso?",
      "ativo": true,
      "id": "EAD0EB0FF3A9EC272E6E7C8A822A49EF"
    }
  ]
}