{
  "id": "00b6d9b3-f59b-4c03-b644-8d9c4efc9093",
  "idioma-original": "eng-USA",
  "idioma-traducao": "por-BRA",
  "titulo": "14-Emergência e saúde",
  "data": "2020/01/13",
  "autor": "Ana Clara",
  "tipo": "frases",
  "destaque": false,
  "frases": [
    {
      "original": "Are you allergic to anything?",
      "traducao": "Você tem alergia a alguma coisa?",
      "ativo": true,
      "id": "F2DD2035622B528B5B79FF6D1CDCC7FB"
    },
    {
      "original": "Are you ready?",
      "traducao": "Você está pronto/a?",
      "ativo": true,
      "id": "9E73EFECA8FE63972206F53CA60CC9BE"
    },
    {
      "original": "Call me",
      "traducao": "Me telefona",
      "ativo": true,
      "id": "5829A954BD245531339DC10A081ABFF5"
    },
    {
      "original": "Did you send me flowers?",
      "traducao": "Você me mandou flores?",
      "ativo": true,
      "id": "DCB19CACABB2E722799AA231FC9651BC"
    },
    {
      "original": "Do you sell batteries?",
      "traducao": "Você vende pilhas?",
      "ativo": true,
      "id": "81A310585836D60AE833A72D9B20F325"
    },
    {
      "original": "I don't care",
      "traducao": "Eu não me importo",
      "ativo": true,
      "id": "860BFB29EF020490ED6E219B2512105E"
    },
    {
      "original": "I give up",
      "traducao": "Eu desisto",
      "ativo": true,
      "id": "69336DA703420F3F417AC27F2334009B"
    },
    {
      "original": "I got in an accident",
      "traducao": "Eu sofrí um acidente",
      "ativo": true,
      "id": "CEBB804F389956B0CE3CC044288FB0ED"
    },
    {
      "original": "I have a cold",
      "traducao": "Eu estou gripado",
      "ativo": true,
      "id": "F18CB288C6B1453EB69F8B4B93E234FE"
    },
    {
      "original": "I have one in my car",
      "traducao": "Eu tenho um/uma no meu carro",
      "ativo": true,
      "id": "27C02EE542BD256932D8DD62BA9FBA64"
    },
    {
      "original": "I made this cake",
      "traducao": "Eu fiz este bolo",
      "ativo": true,
      "id": "243BAECA696BD9AEA0214EF9FE499860"
    },
    {
      "original": "I'm a teacher",
      "traducao": "Eu sou professor/a",
      "ativo": true,
      "id": "A5FA04AABB929FCBF8BD7EAABF000347"
    },
    {
      "original": "I'm self-employed",
      "traducao": "Eu tenho meu próprio negócio",
      "ativo": true,
      "id": "826E194C5ED89555452CF4A8E427255D"
    },
    {
      "original": "I still have a lot to do",
      "traducao": "Eu ainda tenho muito que fazer",
      "ativo": true,
      "id": "35084071E7510C4DA55EEF40F3995156"
    },
    {
      "original": "I still haven't decided",
      "traducao": "Eu ainda não decidí",
      "ativo": true,
      "id": "7B7812A83C58DAFC573377E7DE6329A2"
    },
    {
      "original": "It depends on the weather",
      "traducao": "Depende do tempo",
      "ativo": true,
      "id": "4F178A8937D41DDF0C2B31F139A66E9A"
    },
    {
      "original": "It's very cold today",
      "traducao": "Está muito frio hoje",
      "ativo": true,
      "id": "1FEF358B01D8B5CA2489AC3CBF632B44"
    },
    {
      "original": "My luggage is missing",
      "traducao": "Minha bagagem está perdida",
      "ativo": true,
      "id": "01185027AD841C9734419CCFF7FAA565"
    },
    {
      "original": "My stomach hurts",
      "traducao": "Meu estômago dói",
      "ativo": true,
      "id": "BDE81B84CF41EEDE0DE4D90734931158"
    },
    {
      "original": "My throat is sore",
      "traducao": "Minha garganta está inflamada",
      "ativo": true,
      "id": "CEF75CD2D5FAD6218E8B7563208B5724"
    },
    {
      "original": "My watch has been stolen",
      "traducao": "Meu relógio foi roubado",
      "ativo": true,
      "id": "D8DCC211E678B5458153F9BE11C6F723"
    },
    {
      "original": "Take this medicine",
      "traducao": "Tome este remédio",
      "ativo": true,
      "id": "4334F9D5DA40BAA48E16CCE90567EF67"
    },
    {
      "original": "The accident happened at the intersection",
      "traducao": "O acidente aconteceu no cruzamento",
      "ativo": true,
      "id": "3CA0DBD65A86B86E2B99CF2DC764AB9F"
    },
    {
      "original": "There has been a car accident",
      "traducao": "Houve um acidente de carro",
      "ativo": true,
      "id": "66D822859E8AC2DF8FCF10C82A1159FD"
    },
    {
      "original": "Where can I exchange U.S. dollars?",
      "traducao": "Onde posso trocar dólares?",
      "ativo": true,
      "id": "A11D6E412D248DC133D9EABECAC29BCF"
    },
    {
      "original": "Where do you work?",
      "traducao": "Onde você trabalha?",
      "ativo": true,
      "id": "382F04614F77947CEC0C4118606D85CE"
    },
    {
      "original": "Where's the nearest hospital?",
      "traducao": "Onde fica o hospital mais próximo?",
      "ativo": true,
      "id": "84F13BA229014EF71C54F53EA058B1BB"
    },
    {
      "original": "Where's the post office?",
      "traducao": "Onde fica o correio?",
      "ativo": true,
      "id": "31C8C14998EC4EA0DBF6DB7B81263D4D"
    }
  ]
}