{
  "id": "b2fb0af3-e975-47e6-9f42-7983996f6543",
  "idioma-original": "eng-USA",
  "idioma-traducao": "por-BRA",
  "titulo": "16-Questões gerais",
  "data": "2020/01/13",
  "autor": "Ana Clara",
  "tipo": "frases",
  "destaque": false,
  "frases": [
    {
      "original": "And you?",
      "traducao": "E você?",
      "ativo": true,
      "id": "785F11BB3D38707067F88640870D1A59"
    },
    {
      "original": "Anything else?",
      "traducao": "Algo mais? / Mais alguma coisa?",
      "ativo": true,
      "id": "783F8B17A82337E68D77785B924797E1"
    },
    {
      "original": "Are they the same?",
      "traducao": "Eles são iguais? / São as mesmas coisas?",
      "ativo": true,
      "id": "9D21BF8C156974B0EC85F2D2E03C91C9"
    },
    {
      "original": "Are you afraid?",
      "traducao": "Você está com medo?",
      "ativo": true,
      "id": "C2763A1FF217A6EA10FC05C2FEF45ADD"
    },
    {
      "original": "Are you going to attend their wedding?",
      "traducao": "Você vai ao casamento deles?",
      "ativo": true,
      "id": "3C7F4C75081AE42601B6751F9169CC4C"
    },
    {
      "original": "Are you married?",
      "traducao": "Você é casado?",
      "ativo": true,
      "id": "B78DEF67C19D97A77C05E588B699EA84"
    },
    {
      "original": "Are you okay?",
      "traducao": "Você está bem?",
      "ativo": true,
      "id": "37431C856D1548B5B587F4B4A88CAB73"
    },
    {
      "original": "Are you sick?",
      "traducao": "Você está doente?",
      "ativo": true,
      "id": "7BF17019842D0D86AC62E5425B0035C6"
    },
    {
      "original": "Behind the bank",
      "traducao": "Atrás do banco",
      "ativo": true,
      "id": "A76F420C2749172AB1AAA501638DDC4B"
    },
    {
      "original": "Can I borrow some money?",
      "traducao": "Posso emprestar algum dinheiro?",
      "ativo": true,
      "id": "3B1C70188E1F2C5A7403D6D6ADD5A35F"
    },
    {
      "original": "Can I have the bill please?",
      "traducao": "Pode me dar a conta por favor?",
      "ativo": true,
      "id": "B79BACFB511E0EFC28F166775A146EBC"
    },
    {
      "original": "Can you call back later?",
      "traducao": "Você poderia ligar mais tarde?",
      "ativo": true,
      "id": "E9486B3117BA0F7E8266392FD600042C"
    },
    {
      "original": "Can you call me back later?",
      "traducao": "Você poderia me ligar mais tarde?",
      "ativo": true,
      "id": "C65179100EEBA0B8E3D0712A4C144CBE"
    },
    {
      "original": "Can you carry this for me?",
      "traducao": "Você pode carregarr isso pra mim?",
      "ativo": true,
      "id": "A9C44147FC4F8A72ED18DB9332585CAA"
    },
    {
      "original": "Can you fix this?",
      "traducao": "Você pode consertar isso?",
      "ativo": true,
      "id": "91D3232B134A6A34D3363240203B3864"
    },
    {
      "original": "Can you give me an example?",
      "traducao": "Você pode me dar um exemplo?",
      "ativo": true,
      "id": "4B2E2E28771721EC136CB0BE240F533C"
    },
    {
      "original": "Can you speak louder please?",
      "traducao": "Você poderia falar mais alto por favor?",
      "ativo": true,
      "id": "162DC51FFBC85669F961DBACAB8A37B0"
    },
    {
      "original": "Can you swim?",
      "traducao": "Você sabe nadar?",
      "ativo": true,
      "id": "4BA7D84C65E8DC7D71D6E6AE5CC71C37"
    },
    {
      "original": "Does he like the school?",
      "traducao": "Você gosta da escola?",
      "ativo": true,
      "id": "089219C8B7E527C26651170DE1872742"
    },
    {
      "original": "Do you accept U.S. Dollars?",
      "traducao": "Você aceita dólares?",
      "ativo": true,
      "id": "74666BB1CADB0B87E295D1793E1FC34C"
    },
    {
      "original": "Do you have a girlfriend?",
      "traducao": "Você tem namorada?",
      "ativo": true,
      "id": "99D3638033F1C54E84951F245968B57A"
    },
    {
      "original": "Do you have an appointment?",
      "traducao": "Você tem compromisso?",
      "ativo": true,
      "id": "1C1840A2EEDDD0D4E637D6F7D49EDAA1"
    },
    {
      "original": "Do you have a problem?",
      "traducao": "Você está com um problema?",
      "ativo": true,
      "id": "B2E0EFA4F8B0E2B1F6EE8F41506EB199"
    },
    {
      "original": "Do you hear that?",
      "traducao": "Você ouviu isso?",
      "ativo": true,
      "id": "BBB80F27473D7FF14D13A3C6D6665418"
    },
    {
      "original": "Do you know how to get to the Marriott Hotel?",
      "traducao": "Você sabe como chegar no Hotel Marriott?",
      "ativo": true,
      "id": "0D96A48C2171D746ECE7002B01F9CE51"
    },
    {
      "original": "Do you know what this means?",
      "traducao": "Você sabe o que isso significa?",
      "ativo": true,
      "id": "0597DE6F9D3E7881488EF680F1979AE8"
    },
    {
      "original": "Do you know where I can get a taxi?",
      "traducao": "Você sabe onde posso pegar um táxi?",
      "ativo": true,
      "id": "EA5AB70C78D16980139E464A414C56D9"
    },
    {
      "original": "Do you know where my glasses are?",
      "traducao": "Você sabe onde estão os meus óculos?",
      "ativo": true,
      "id": "FCDCA83A7E42E58A69D82F26414B63C9"
    },
    {
      "original": "Do you like your co-workers?",
      "traducao": "Você gosta dos teus colegas de trabalho?",
      "ativo": true,
      "id": "0B58CC819294957911614189F83527C4"
    },
    {
      "original": "Do you need anything else?",
      "traducao": "Você precisa de mais alguma coisa?",
      "ativo": true,
      "id": "E53993A97CD199AA45F9A88B751458F4"
    },
    {
      "original": "Do you understand?",
      "traducao": "Você entende?",
      "ativo": true,
      "id": "BF0D0D700FC8DC2DC74A2D1034BA43F6"
    },
    {
      "original": "Give me the pen",
      "traducao": "Me dê a caneta",
      "ativo": true,
      "id": "506B539857C148BF3D7677A6C73BA63F"
    },
    {
      "original": "How do you know?",
      "traducao": "Como você sabe?",
      "ativo": true,
      "id": "9F5D6342667B9B0E093EFC2F916F6AE4"
    },
    {
      "original": "How is she?",
      "traducao": "Como ela está?",
      "ativo": true,
      "id": "63D4DAA7844CA723D313C0D304D6EAA5"
    },
    {
      "original": "How long is it?",
      "traducao": "Quanto tempo demora?",
      "ativo": true,
      "id": "91D9C911CA2C2DFFA86215127325798D"
    },
    {
      "original": "How many?",
      "traducao": "Quantos/quantas",
      "ativo": true,
      "id": "936318D64931912F81D03E289FF4E5A0"
    },
    {
      "original": "How much is it?",
      "traducao": "Quanto custa?",
      "ativo": true,
      "id": "CE7143B8F58EFDB9A16D2C09DF85E8B8"
    },
    {
      "original": "I have a lot of things to do",
      "traducao": "Eu tenho um monte de coisas pra fazer",
      "ativo": true,
      "id": "67FD7513B0259BD765210053675C4703"
    },
    {
      "original": "In 30 minutes",
      "traducao": "Em 30 minutos",
      "ativo": true,
      "id": "C340F6F6BF18469380D8651120BA66D3"
    },
    {
      "original": "Is anyone else coming?",
      "traducao": "Alguém mais está vindo?",
      "ativo": true,
      "id": "171F6DDEA0968D32B1F6520E417E7899"
    },
    {
      "original": "Is everything ok?",
      "traducao": "Está tudo OK?",
      "ativo": true,
      "id": "2CEBAE53AE96219FACFAD038688A82BA"
    },
    {
      "original": "Is it cold outside?",
      "traducao": "Está frio lá fora?",
      "ativo": true,
      "id": "E887429CBDED2F8E740F94BD597246AC"
    },
    {
      "original": "Is it far from here?",
      "traducao": "É longe daqui?",
      "ativo": true,
      "id": "59275EFA2CFDA2FFFFDAFE2AAB056A3A"
    },
    {
      "original": "Is it hot?",
      "traducao": "Está quente?",
      "ativo": true,
      "id": "C05552B38FDC36EEC67F87E4164EB4BD"
    },
    {
      "original": "Is it raining?",
      "traducao": "Está chovendo?",
      "ativo": true,
      "id": "900FE0BA3A42D89CE15F9F64EE85B944"
    },
    {
      "original": "Is there anything cheaper?",
      "traducao": "Tem algo mais barato?",
      "ativo": true,
      "id": "E3CECF5B627063B91AA7544C4017C38F"
    },
    {
      "original": "Is your son here?",
      "traducao": "O teu filho está aqui?",
      "ativo": true,
      "id": "FC33742740F28F3B6D53BBFF9B8AF0E0"
    },
    {
      "original": "Should I wait?",
      "traducao": "Eu deveria esperar?",
      "ativo": true,
      "id": "526B0DB08FAC196013165334BEBB5F85"
    },
    {
      "original": "The big one or the small one?",
      "traducao": "O grande ou o pequeno?",
      "ativo": true,
      "id": "6E85A309D886AB1A92B3B2F649720B15"
    },
    {
      "original": "The cars are American",
      "traducao": "Os carros são americanos",
      "ativo": true,
      "id": "1BF5FF1F1BA77FA8105609BB3D32147A"
    },
    {
      "original": "Were there any problems?",
      "traducao": "Houve algum problema?",
      "ativo": true,
      "id": "EB51205D2B51DC112B76B1BAFE7CF41F"
    },
    {
      "original": "Were you at the library last night?",
      "traducao": "Você estava na biblioteca ontem à noite?",
      "ativo": true,
      "id": "6586B29A71B286EA67A99983D34CCB5C"
    },
    {
      "original": "What are you doing?",
      "traducao": "O que você está fazendo?",
      "ativo": true,
      "id": "6950B94C6AF97344D87CF289DD2859DA"
    },
    {
      "original": "What are you thinking about?",
      "traducao": "No que você está pensando?",
      "ativo": true,
      "id": "2B1808B669AEF483ABB6B67ECDD7BA33"
    },
    {
      "original": "What are you two talking about?",
      "traducao": "Sobre o que vocês dois estão falando?",
      "ativo": true,
      "id": "67DFFB1330F1EA8C0C587F41E5E8972C"
    },
    {
      "original": "What did you do last night?",
      "traducao": "O que você fez ontem à noite?",
      "ativo": true,
      "id": "DDB4EC34FB9AFAFC92FBFB811BBD8A7D"
    },
    {
      "original": "What did you do yesterday?",
      "traducao": "O que você fez ontem?",
      "ativo": true,
      "id": "E54858E768D37DF20E79988EF70142B0"
    },
    {
      "original": "What did you think?",
      "traducao": "O que você achou?",
      "ativo": true,
      "id": "79298628A429F489A624EA1A0BEE69C7"
    },
    {
      "original": "What do they study?",
      "traducao": "O que eles estudam?",
      "ativo": true,
      "id": "6B510E025A7D87BCDA3908268993EAB9"
    },
    {
      "original": "What do you have?",
      "traducao": "O que você tem?",
      "ativo": true,
      "id": "B3A7E5DCBC306DF622D3B31C8F244202"
    },
    {
      "original": "What do you think?",
      "traducao": "O que você acha?",
      "ativo": true,
      "id": "0A816B8C50B6D597197B583EC7D05B1A"
    },
    {
      "original": "What happened?",
      "traducao": "O que aconteceu?",
      "ativo": true,
      "id": "9AED47633192CC2A09790BFA38B7EA9B"
    },
    {
      "original": "What is it?",
      "traducao": "O que é?",
      "ativo": true,
      "id": "E2DD60D6F838A5A4821EA1DA1A07A095"
    },
    {
      "original": "What is that?",
      "traducao": "O que é isso?",
      "ativo": true,
      "id": "FACBD74ABD92BDC1F895563532C84644"
    },
    {
      "original": "What should I wear?",
      "traducao": "O que eu deveria vestir?",
      "ativo": true,
      "id": "9F13C5CF1E38DB06C6A04B61D4C242EA"
    },
    {
      "original": "What's in it?",
      "traducao": "O que tem nisso?",
      "ativo": true,
      "id": "393006340F60D574FCC7841561EAC57B"
    },
    {
      "original": "What's the temperature?",
      "traducao": "Qual é a temperatura?",
      "ativo": true,
      "id": "3FB4B7F19FF177E7F49009E872C94E36"
    },
    {
      "original": "What's this?",
      "traducao": "O que é isto?",
      "ativo": true,
      "id": "5FF900F4CEE65B18842DC5BCBEA5F4B3"
    },
    {
      "original": "What's up?",
      "traducao": "O que se passa?/O que está acontecendo?",
      "ativo": true,
      "id": "0D0A3C37BC7F0D527B832C6460569D18"
    },
    {
      "original": "Where are you from?",
      "traducao": "De onde você é?",
      "ativo": true,
      "id": "92F527ADB16C0AB76A8E749191CE496B"
    },
    {
      "original": "Where can I rent a car?",
      "traducao": "Onde posso alugar um carro?",
      "ativo": true,
      "id": "3CAA13D5CD98979A97B94EA21C3EDDC9"
    },
    {
      "original": "Where did it happen?",
      "traducao": "Quando aconteceu?",
      "ativo": true,
      "id": "E856B7A67756B033FA5177BD75FF8249"
    },
    {
      "original": "Where did you learn it?",
      "traducao": "Onde você aprendeu?",
      "ativo": true,
      "id": "46B5AB2E423D735957C2DFFEBF5C2B81"
    },
    {
      "original": "Where is he?",
      "traducao": "Onde ele está?",
      "ativo": true,
      "id": "1A95281193E2E5EA1B65A1A4A965F51B"
    },
    {
      "original": "Where is he from?",
      "traducao": "De onde ele é?",
      "ativo": true,
      "id": "3294740E5FD71B821C0546CD0D2F6BF4"
    },
    {
      "original": "Which is better, the spaghetti or chicken salad?",
      "traducao": "Qual é melhor o espaguete ou a salada de frango?",
      "ativo": true,
      "id": "6AAD30B9BD933528F9E0AAADA4604002"
    },
    {
      "original": "Which one do you want?",
      "traducao": "Qual você quer?",
      "ativo": true,
      "id": "ADBA2E841AFA6586D50F0CE6A8B5023F"
    },
    {
      "original": "Which one is cheaper?",
      "traducao": "Qual é mais barato?",
      "ativo": true,
      "id": "F37C2F238993462BB66E4830EB14BD9C"
    },
    {
      "original": "Which one is the best?",
      "traducao": "Qual é o/a melhor?",
      "ativo": true,
      "id": "51782DA2EA50FE795B5E29B74668FE5D"
    },
    {
      "original": "Which school does he go to?",
      "traducao": "Em qual escola ele vai?",
      "ativo": true,
      "id": "B3C052F1E87D33DA0246D18E5CCED35C"
    },
    {
      "original": "Who are they?",
      "traducao": "Quem são eles?",
      "ativo": true,
      "id": "0E4B32D5EA21AA1AF0556F5390AB5BA0"
    },
    {
      "original": "Who are you looking for?",
      "traducao": "Quem você está procurando?",
      "ativo": true,
      "id": "CF3EF614DE2720E9B45607C71072BDAE"
    },
    {
      "original": "Who is it? (Inquiring about who is on the phone)",
      "traducao": "Quem fala? (perguntando quem está no telefone)",
      "ativo": true,
      "id": "AE200D6454229D0B23637E04DBF5C858"
    },
    {
      "original": "Who's calling?",
      "traducao": "Quem fala?",
      "ativo": true,
      "id": "838C857006B83DBCD4DE0506F8258808"
    },
    {
      "original": "Who's that man over there?",
      "traducao": "Que é aquele homem alí?",
      "ativo": true,
      "id": "30B79F543640A4E1DF87369FEF322453"
    },
    {
      "original": "Who taught you that?",
      "traducao": "Quem te ensinou isso?",
      "ativo": true,
      "id": "B17C756ED86DDD0249CD5F1C1FFAB46A"
    },
    {
      "original": "Why did you say that?",
      "traducao": "Por que você disse isso?",
      "ativo": true,
      "id": "AFCA33315154AF2F36507BAB1BAD4123"
    },
    {
      "original": "Will you pass me the salt please?",
      "traducao": "Você me passa o sal por favor?",
      "ativo": true,
      "id": "5740CACC9DBA673C14504D85B0D3B1DF"
    },
    {
      "original": "Will you put this in the car for me?",
      "traducao": "Você poria isso no carro pra mim?",
      "ativo": true,
      "id": "4660F325F3E8B505DE5E12E9FBB5E59F"
    },
    {
      "original": "Would you ask him to call me back please?",
      "traducao": "Você pede a ele pra me ligar de volta por favor?",
      "ativo": true,
      "id": "9D6015EC443A282462A715154445D5C7"
    },
    {
      "original": "Yes",
      "traducao": "Sim",
      "ativo": true,
      "id": "A6105C0A611B41B08F1209506350279E"
    },
    {
      "original": "You have a very nice car",
      "traducao": "Você tem um carro legal",
      "ativo": true,
      "id": "84943AE174B89FD1FD1149EBFCDE0654"
    },
    {
      "original": "You look like my sister",
      "traducao": "Você se parece com minha irmã",
      "ativo": true,
      "id": "A99263CEA306E001FF5F8046DE1EEF7F"
    }
  ]
}