{
  "id": "90d48741-ce5c-4aca-8efc-0667341b9ffb",
  "idioma-original": "eng-USA",
  "idioma-traducao": "por-BRA",
  "titulo": "17-No trabalho",
  "data": "2020/01/13",
  "autor": "Ana Clara",
  "tipo": "frases",
  "destaque": false,
  "frases": [
    {
      "original": "6 dollars per hour",
      "traducao": "6 dólares por hora",
      "ativo": true,
      "id": "E2F275DF70A8BBE8080389FA10C01B7A"
    },
    {
      "original": "Are you waiting for someone?",
      "traducao": "Você está esperando alguém?",
      "ativo": true,
      "id": "1E0ADB63CD5CA6CA97E2BDAF3B8B63E2"
    },
    {
      "original": "Are you working today?",
      "traducao": "Você trabalha hoje?",
      "ativo": true,
      "id": "0BF24D32AF03F20195AB04A82B144A6B"
    },
    {
      "original": "Bring me my shirt please",
      "traducao": "Me traga a minha camisa por favor",
      "ativo": true,
      "id": "7877A8B526681BE07BC27B5D3D367417"
    },
    {
      "original": "Do you like to watch TV?",
      "traducao": "Você gosta de assistir TV?",
      "ativo": true,
      "id": "4E13E380FF68AF168F302B3E64491D8F"
    },
    {
      "original": "Do you like your boss?",
      "traducao": "Você gosta do teu chefe?",
      "ativo": true,
      "id": "E93474A54F836A90A9739B7ADAAE5D65"
    },
    {
      "original": "Have you finished studying?",
      "traducao": "Você já acabou de estudar?",
      "ativo": true,
      "id": "F4A5E086C791F344F95DCEB1948669EC"
    },
    {
      "original": "He's an Engineer",
      "traducao": "Ele é engenheiro",
      "ativo": true,
      "id": "EE945072CD86460C4F1D397EFAAF6CA6"
    },
    {
      "original": "He's very hard working",
      "traducao": "Ele é um trabalhador duro",
      "ativo": true,
      "id": "DFB5CD1DB1129DF51589A9252896A550"
    },
    {
      "original": "He works at a computer company in New York",
      "traducao": "Ele trabalha numa empresa em Nova Iorque",
      "ativo": true,
      "id": "4925C5C77FC15EF8AC2FD9FC580EDA1B"
    },
    {
      "original": "How long have you worked here?",
      "traducao": "Há quanto tempo você trabalha aqui?",
      "ativo": true,
      "id": "F219CE272076EC31D644A4506612469E"
    },
    {
      "original": "How many hours a week do you work?",
      "traducao": "Quantas horas por semana voce trabalha?",
      "ativo": true,
      "id": "D79F76C60978E6B0967CAB93E3F169A4"
    },
    {
      "original": "How much money do you have?",
      "traducao": "Quanto dinheiro você tem?",
      "ativo": true,
      "id": "868176E617A26A82D0294C74EC3A7668"
    },
    {
      "original": "How's the weather?",
      "traducao": "Como está o tempo?",
      "ativo": true,
      "id": "2CB4F560B9D0460C432FAC6F9763087C"
    },
    {
      "original": "How was the trip?",
      "traducao": "Como foi a viagem?",
      "ativo": true,
      "id": "D6BCD8D8AC0A122BC5F891B7F7DC841D"
    },
    {
      "original": "I forget",
      "traducao": "Eu esqueço",
      "ativo": true,
      "id": "B4EEE306CF1ED48D7C012D670E5B207F"
    },
    {
      "original": "I'm good",
      "traducao": "Estou bem",
      "ativo": true,
      "id": "3272383B4D5868B24C274C17FCE062CD"
    },
    {
      "original": "I'm ready",
      "traducao": "Estou pronto",
      "ativo": true,
      "id": "310780C1BBF04BA2EBF4D9D55EED7934"
    },
    {
      "original": "I still have a lot of things to buy",
      "traducao": "Eu ainda tenho muitas coisas pra comprar",
      "ativo": true,
      "id": "D4281F36077EE4D8FE2E9065A9685A85"
    },
    {
      "original": "I've seen it",
      "traducao": "Eu já vi",
      "ativo": true,
      "id": "D2FABF7802A2053D6C59EBC294D8A724"
    },
    {
      "original": "What does he do for work?",
      "traducao": "No que ele trabalha?",
      "ativo": true,
      "id": "A1DD8FAFEE9006C8B4FC0E058CD5FE02"
    },
    {
      "original": "What does your father do for work?",
      "traducao": "No que teu pai trabalha?",
      "ativo": true,
      "id": "0A39CB2AA86D7321BE149DF7055D40B4"
    },
    {
      "original": "What do you do for work?",
      "traducao": "No que você trabalha?",
      "ativo": true,
      "id": "50A049D6F48A4955DB2D326D551A3FE7"
    },
    {
      "original": "What do your parents do for work?",
      "traducao": "No que teus pais trabalham?",
      "ativo": true,
      "id": "CE6BEB32EFD20117C1A1B52F1C6DC78E"
    },
    {
      "original": "What's the matter?",
      "traducao": "Qual é o problema?",
      "ativo": true,
      "id": "DD0C1F16BF1B91A8EEA792BB532C126A"
    },
    {
      "original": "What time do you go to work everyday?",
      "traducao": "A que horas você vai para o trabalho todos os dias?",
      "ativo": true,
      "id": "17FBC34A92AE96CE05AC68979C95692D"
    },
    {
      "original": "When do you arrive in the U.S.?",
      "traducao": "Quando você chega nos EUA?",
      "ativo": true,
      "id": "7469570289916F11EA2A8BCC5BB1D9FD"
    },
    {
      "original": "When do you get off work?",
      "traducao": "Quando você sai do trabalho?",
      "ativo": true,
      "id": "1A4572702344A978941B7E4F8CD4C663"
    },
    {
      "original": "Where did you put it?",
      "traducao": "Onde você colocou?",
      "ativo": true,
      "id": "9DE159773656CF5C92168E8B7CE9343B"
    },
    {
      "original": "Where does it hurt?",
      "traducao": "Onde doi?",
      "ativo": true,
      "id": "657A3936226E49B8A9EE4A1A44F153CC"
    },
    {
      "original": "Where do you want to go?",
      "traducao": "Onde você quer ir?",
      "ativo": true,
      "id": "B3C39AE654FEFA33A3FC1B7244D3FBA7"
    }
  ]
}