{
  "id": "0bdc83b0-ad12-47bb-b161-7b9eb9a1b33a",
  "idioma-original": "eng-USA",
  "idioma-traducao": "por-BRA",
  "titulo": "18-O tempo",
  "data": "2020/01/13",
  "autor": "Ana Clara",
  "tipo": "frases",
  "destaque": false,
  "frases": [
    {
      "original": "Come here",
      "traducao": "Venha aqui",
      "ativo": true,
      "id": "8097FBB3E44BF98E2ED278A291CA256D"
    },
    {
      "original": "Does it often snow in the winter in Massachusetts?",
      "traducao": "Geralmente neva em Massachussetts?",
      "ativo": true,
      "id": "6A8C5EF4906146C33C18A563D6EAD1C2"
    },
    {
      "original": "Do you think it'll rain today?",
      "traducao": "Você acha que vai chover hoje?",
      "ativo": true,
      "id": "4E75CA21193BD74FDCE25918B9CD1A3D"
    },
    {
      "original": "Do you think it's going to rain tomorrow?",
      "traducao": "Você acha que vai chover amanhã?",
      "ativo": true,
      "id": "19E1E9BAEA9B6E011A592F07F259893C"
    },
    {
      "original": "How's business?",
      "traducao": "Como estão os negócios?",
      "ativo": true,
      "id": "FD72F0D2927411FC06A3423D3EF45D69"
    },
    {
      "original": "Is it close?",
      "traducao": "Está fechado?",
      "ativo": true,
      "id": "73CCBAF4BD611FDCF9F9DF75FAFE3EDE"
    },
    {
      "original": "Is it possible?",
      "traducao": "É possível?",
      "ativo": true,
      "id": "F6C5E1385976E1C811CE8334FD36DD82"
    },
    {
      "original": "Is it ready?",
      "traducao": "Está pronto?",
      "ativo": true,
      "id": "5E1E246149F51FCCB08D9A5531EDC339"
    },
    {
      "original": "It costs 20 dollars per hour",
      "traducao": "Custa 20 dólares por hora",
      "ativo": true,
      "id": "A36632274A4630E474A21878A4E9198A"
    },
    {
      "original": "It hurts here",
      "traducao": "Dói aqui",
      "ativo": true,
      "id": "7D58955C1D4A5CA36A31762CBF470742"
    },
    {
      "original": "It's far from here",
      "traducao": "É longe daqui",
      "ativo": true,
      "id": "F973B62FA0114433DE235FE02CFC0763"
    },
    {
      "original": "It's going to be hot today",
      "traducao": "Vai ser quente hoje",
      "ativo": true,
      "id": "A623287638E2F9B91A1A769C664BBB90"
    },
    {
      "original": "It's north of here",
      "traducao": "Fica ao norte daqui",
      "ativo": true,
      "id": "33489A5A22ED95C1DB07C9AA495E857F"
    },
    {
      "original": "It's over there",
      "traducao": "É ali pra cima",
      "ativo": true,
      "id": "2AD1FBEFEABEF81F5516BD9C061A9522"
    },
    {
      "original": "It's raining",
      "traducao": "Está chovendo",
      "ativo": true,
      "id": "CA61CA5A8CBAC4917FE496EA69B1A9E9"
    },
    {
      "original": "It's too late",
      "traducao": "É muito tarde/Tarde demais",
      "ativo": true,
      "id": "312F0A39C1CC53782A8760E1C3A9E6C4"
    },
    {
      "original": "It's very important",
      "traducao": "É muito importante",
      "ativo": true,
      "id": "31808FB30743996FE8034DF8461B4D64"
    },
    {
      "original": "It will arrive shortly",
      "traducao": "Vai chegar logo",
      "ativo": true,
      "id": "3081EFDDDFDCB18A97C9EBB4E85588E5"
    },
    {
      "original": "The roads are slippery",
      "traducao": "As estradas estão escorregadias",
      "ativo": true,
      "id": "FCB7DBEBE4AF73DC899430EBF15A34F8"
    },
    {
      "original": "What's the room rate?",
      "traducao": "Qual é a diária? (hotel)",
      "ativo": true,
      "id": "DEED555481B7790524DEE0B89D1E3876"
    },
    {
      "original": "What will the weather be like tomorrow?",
      "traducao": "Como vai estar o tempo amanhã?",
      "ativo": true,
      "id": "E48F04B8F38EDAF6C3CE0527DA04B7DB"
    }
  ]
}