{
  "id": "c5162f35-0936-4648-9992-19cbb6f0ed6b",
  "idioma-original": "fra-CA",
  "idioma-traducao": "por-BRA",
  "titulo": "Diversas fráses",
  "data": "2020/01/12",
  "autor": "Marcelo Souza",
  "tipo": "frases",
  "destaque": false,
  "frases": [
    {
      "original": "Je vais au cinéma ce soir",
      "traducao": "Eu vou ao cinema hoje à noite.",
      "ativo": true,
      "id": "131D590187D74A39F85C830E07DB38C0"
    },
    {
      "original": "Si on allait se promener?",
      "traducao": "Vamos andar um pouco?",
      "ativo": true,
      "id": "662BF87FA81531765ECDF646D73E1772"
    },
    {
      "original": "Je m'en vais",
      "traducao": "Estou indo embora.",
      "ativo": true,
      "id": "2096F4851C659B5EFD8AE3698338AEDB"
    },
    {
      "original": "Le temps est passé vite",
      "traducao": "O tempo passou rápido.",
      "ativo": true,
      "id": "21093A0BBC5032DAB62838E9F3DDE13C"
    },
    {
      "original": "Je vais le faire demain",
      "traducao": "Eu vou fazer isto amanhã.",
      "ativo": true,
      "id": "410918A64D03DE25EEFF8F796E8396E9"
    },
    {
      "original": "Ça va être difficile",
      "traducao": "Vai ser difícil.",
      "ativo": true,
      "id": "042810576E8414C68898AEC7C9D2E015"
    },
    {
      "original": "Ça va vous plaire",
      "traducao": "Você vai gostar disto.",
      "ativo": true,
      "id": "CA9AB444F1D5D080CD4D351CD6631D68"
    },
    {
      "original": "Dépêche-toi ou tu vas rater le bus",
      "traducao": "Anda logo senão você vai perder o ônibus.",
      "ativo": true,
      "id": "EBFA1A82313CEE8F1550EF14BDD878A4"
    },
    {
      "original": "Tu me manques",
      "traducao": "Estou com saudade de você. Estou sentindo a sua falta.",
      "ativo": true,
      "id": "C22FD8C91F4D8C5A0757141AE004CA86"
    },
    {
      "original": "Elle a l'air surprise",
      "traducao": "Ela parece estar surpresa.",
      "ativo": true,
      "id": "FA1D09196AC4C31EF460B933A00ED6EC"
    },
    {
      "original": "On dirait qu'il va pleuvoir",
      "traducao": "Parece que vai chover.",
      "ativo": true,
      "id": "AC0675119784968F4E2CB3E813590650"
    },
    {
      "original": "Il ressemble à son frère",
      "traducao": "Ele é parecido com o irmão.",
      "ativo": true,
      "id": "280AE020EC954BAAC390F47B27AC01DC"
    },
    {
      "original": "Comment est-elle physiquement?",
      "traducao": "Como ela é (se parece) fisicamente?",
      "ativo": true,
      "id": "A339154AD4648204F448BFA1931705C3"
    },
    {
      "original": "Ils nous ont appris la nouvelle",
      "traducao": "Eles nos contaram a notícia.",
      "ativo": true,
      "id": "76C5D0244874B39751358628CDDD5D17"
    },
    {
      "original": "Je te l'avais bien dit",
      "traducao": "Eu bem que lhe avisei (alertei).",
      "ativo": true,
      "id": "42B7EDE5955D65F5679EF44636A3E915"
    },
    {
      "original": "Je ne sais pas quoi faire",
      "traducao": "Eu não sei o que fazer.",
      "ativo": true,
      "id": "F1728C2BD95C7AA68445F7BD907BAED0"
    },
    {
      "original": "On ne sait jamais!",
      "traducao": "Nunca se sabe!",
      "ativo": true,
      "id": "5C09B1C49020128AECBE9799A5C875F0"
    },
    {
      "original": "Je ne me sens pas bien",
      "traducao": "Eu não me sinto bem.",
      "ativo": true,
      "id": "39253340425ADCAFC6D3B65D39154C76"
    },
    {
      "original": "Je me sens un peu seul",
      "traducao": "Eu me sinto um pouco sozinho.",
      "ativo": true,
      "id": "CA6649299C53CE234227DB9F0A98AC26"
    },
    {
      "original": "Tu as envie d'une glace?",
      "traducao": "Você quer um sorvete?",
      "ativo": true,
      "id": "6236E4A182A215CE8651EF4F13987C72"
    },
    {
      "original": "Nous devons apprendre tout le poème par cœur",
      "traducao": "Nós temos que decorar (memorizar) o poema inteiro.",
      "ativo": true,
      "id": "E17DEF03D6B5CE154DBDE67AD0929D69"
    },
    {
      "original": "Ça ne prendra pas long temps",
      "traducao": "Não vai demorar muito.",
      "ativo": true,
      "id": "B8100F2BCAA2D1EB96D83677974CC91D"
    },
    {
      "original": "Je ne le tolérerai pas!",
      "traducao": "Eu não vou tolerar isto!",
      "ativo": true,
      "id": "A1F6C8BDB4509029C58742B205580134"
    },
    {
      "original": "Je vais t'aider",
      "traducao": "Eu vou lhe dar uma mão.",
      "ativo": true,
      "id": "7FDC6C6ED6B89DDD35501C7CD9CEF989"
    },
    {
      "original": "Je le finirai demain",
      "traducao": "Eu vou terminar isto amanhã.",
      "ativo": true,
      "id": "AF20444960237DB7C2FA9726C8CA4EC0"
    },
    {
      "original": "Quand est-ce que je serai payé?",
      "traducao": "Quando eu recebo (meu pagamento)?",
      "ativo": true,
      "id": "459C1F5710742B3BF62C80642B546E8E"
    },
    {
      "original": "J'ai reçu beaucoup de cadeaux",
      "traducao": "Eu ganhei muitos presentes.",
      "ativo": true,
      "id": "91729E659CB645273835739A8892685E"
    },
    {
      "original": "Qu'est-ce que tu as reçu pour ton anniversaire?",
      "traducao": "O que você ganhou no seu aniversário?",
      "ativo": true,
      "id": "B172440699C66BDFC24FC476C9E90029"
    },
    {
      "original": "J'ai un rhume",
      "traducao": "Eu estou com um resfriado.",
      "ativo": true,
      "id": "1ACFA3235A7A59FB966FD7A32DF144E3"
    },
    {
      "original": "Ne fais pas attention à lui!",
      "traducao": "Não preste atenção nele! Não liga para ele!",
      "ativo": true,
      "id": "6543996CB30F9D25445228649CEA374F"
    },
    {
      "original": "Paul nous a rendu visite hier soir",
      "traducao": "Ele nos fez uma visita na noite passada.",
      "ativo": true,
      "id": "EF9E1D8327A17C7E82189138C976D4A8"
    },
    {
      "original": "Le crime ne paie pas",
      "traducao": "O crime não compensa.",
      "ativo": true,
      "id": "D587D84B39D6F659DD59BA9ECCE3DA10"
    },
    {
      "original": "Je pense que vous avez tort",
      "traducao": "Eu acho que você está errado. Eu acho que você não tem razão.",
      "ativo": true,
      "id": "30671280ECAAD18D5A84B1E64F75E045"
    },
    {
      "original": "Oui, je crois",
      "traducao": "Eu acho que sim.",
      "ativo": true,
      "id": "6E3CE4637D1C1297B06F5F2F6A17833C"
    },
    {
      "original": "Je ne crois pas",
      "traducao": "Eu acho que não.",
      "ativo": true,
      "id": "C7E70EF820AAF95A35A251AD827BB955"
    },
    {
      "original": "Qu'est-ce qui t'a pris? On ne doit pas voler",
      "traducao": "Onde você estava com a cabeça? Você não eve roubar.",
      "ativo": true,
      "id": "ADF603157576C4C12721EFA5D68237F0"
    },
    {
      "original": "Que faites-vous?",
      "traducao": "O que você está fazendo?",
      "ativo": true,
      "id": "AE158F33508147C7C2E0EE4A8173B952"
    },
    {
      "original": "Je suis fatiguée",
      "traducao": "Eu estou cansado.",
      "ativo": true,
      "id": "B682F0F0ADBD6ABB96E39597134A10C1"
    },
    {
      "original": "Combien a coûté le repas?",
      "traducao": "Quanto custou a refeição?",
      "ativo": true,
      "id": "2A74ECEB430C597E00BFE74AFA7B1FFD"
    },
    {
      "original": "Il fait trop chaud",
      "traducao": "Está fazendo calor demais. Estou morrendo de calor.",
      "ativo": true,
      "id": "AD9E92D95EB44EEB7E63E4E7E6BEC9B8"
    },
    {
      "original": "Il fait trop froid",
      "traducao": "Está fazendo frio demais. Estou morrendo de frio.",
      "ativo": true,
      "id": "2CFB06584FC5CF23FDF6E7FE58FFACD4"
    }
  ]
}