{
  "id": "7a5fd82f-deef-4e21-8020-045f1fd2c50d",
  "idioma-original": "fra-CA",
  "idioma-traducao": "por-BRA",
  "titulo": "Expressoes",
  "data": "2020/01/08",
  "autor": "Marcelo Souza",
  "tipo": "frases",
  "destaque": false,
  "frases": [
    {
      "original": "Poser un lapin",
      "traducao": "dar um bolo (lit: colocar um coelho)",
      "ativo": true,
      "id": "C27236A9A4E45AFEDC23BF1D8D2F3BC4"
    },
    {
      "original": "En avoir ras le bol",
      "traducao": "De saco cheio",
      "ativo": true,
      "id": "BBFB1F2C7923A5FFD80368764C2583C1"
    },
    {
      "original": "Mon Dieu!",
      "traducao": "Meu deus!",
      "ativo": true,
      "id": "D455C4CE89C8B4493D9EC7B26277ADBB"
    },
    {
      "original": "Se prendre un vent",
      "traducao": "ficar no vácuo (lit: tomar um vento)",
      "ativo": true,
      "id": "47E1FAA26719817121E2BDD727A548D9"
    },
    {
      "original": "Chercher trois pattes à un canard",
      "traducao": "chifre em cabeça de cavalo (lit:procurar três patas em um pato)",
      "ativo": true,
      "id": "E57A8B1ABC3D59726F0EF12A1AA49B0A"
    },
    {
      "original": "Lancer un regard noir",
      "traducao": "lançar um olhar negro",
      "ativo": true,
      "id": "76B2FA2E1DB5DF7634FED71405EDC9AA"
    },
    {
      "original": "Dormir à poings fermés",
      "traducao": "dormir como um bebê (lit: Dormir com os punhos fechados)",
      "ativo": true,
      "id": "D08BBBB5B88BC6042595C8C8051F6FF1"
    },
    {
      "original": "Tomber dans les pommes",
      "traducao": "desmaiar (lit: eu caí nas maçãs)",
      "ativo": true,
      "id": "9E7871831E975A07F851D101CCE7155A"
    },
    {
      "original": "Avoir le coup de foudre",
      "traducao": "se apaixonar à primeira vista (lit: levar um golpe repentino)",
      "ativo": true,
      "id": "5E5524031F04DF3FF50E4A75189A2481"
    },
    {
      "original": "C’est énorme!",
      "traducao": "Sensacional",
      "ativo": true,
      "id": "DF10852099E84BCC108B9F6394546CBB"
    },
    {
      "original": "J’en peux plus",
      "traducao": "Eu não aguento mais",
      "ativo": true,
      "id": "9C2A2584878FBC44E24DD2A4991F5941"
    },
    {
      "original": "On n’est pas sorti de l’auberge!",
      "traducao": "Estamos em uma sinuca de bico (lit: Nós não saímos do albergue!)",
      "ativo": true,
      "id": "CBBA860113749DFF6A782142989D91D3"
    },
    {
      "original": "Chacun voit midi à sa porte",
      "traducao": "pimenta nos olhos dos outros é refresco (lit: Todos veem o meio-dia à sua porta)",
      "ativo": true,
      "id": "E7026354446FCB8F61B7C90843DF80EA"
    },
    {
      "original": "Tous les trente-six du mois",
      "traducao": "todo dia 30 de fevereiro (lit: Todos os 36 dias do mês)",
      "ativo": true,
      "id": "474DFAF92BE4E40845879F647CC07F65"
    },
    {
      "original": "Il a seché les cours",
      "traducao": "Ele matou aula (lit: Ele secou as aulas)",
      "ativo": true,
      "id": "83727A543970006C439D4E7B103E82AD"
    },
    {
      "original": "À la dernière mode",
      "traducao": "última moda",
      "ativo": true,
      "id": "5A5C8177CD5AD0941FA237E715BEFDE7"
    },
    {
      "original": "La roue tourne",
      "traducao": "A roda gira",
      "ativo": true,
      "id": "6903CA2E62595078B1CB289698A29BD8"
    },
    {
      "original": "Se mettre sur son trente et un",
      "traducao": "Se emperequetar (lit:Coloca-se em seu trinta e um)",
      "ativo": true,
      "id": "97727488CC84152E1C8510335ADF8F8B"
    },
    {
      "original": "Ne plus avoir vingt ans",
      "traducao": "Não ter mais vinte anos",
      "ativo": true,
      "id": "FD6ECA1E7B5D68903959BE40AD8725A3"
    },
    {
      "original": "C’est impossible",
      "traducao": "é impossível",
      "ativo": true,
      "id": "6C94EC9E5F3B6D9E819A5BC5B2001EB0"
    }
  ]
}