{
  "id": "bbf181e1-92fe-48e6-bf73-9cca46a528d7",
  "idioma-original": "fra-CA",
  "idioma-traducao": "por-BRA",
  "titulo": "Frases famosas",
  "data": "2020/01/08",
  "autor": "Marcelo Souza",
  "tipo": "frases",
  "destaque": false,
  "frases": [
    {
      "original": "Je me disais que, tant qu’il y aurait des livres, le bonheur m’était garanti",
      "traducao": "Eu me dizia que enquanto houvessem livros, a felicidade estaria garantida para mim.",
      "ativo": true,
      "id": "64A2D262DB3DC50B73412E118CDCF78E"
    },
    {
      "original": "Il faut vouloir vivre et savoir mourir",
      "traducao": "É preciso desejar viver e saber morrer.",
      "ativo": true,
      "id": "E4DFF36A0CD35C1BE9B3381929E303C4"
    },
    {
      "original": "Je connais mes limites. C’est pourquoi je vais au-delà",
      "traducao": "Eu conheço meus limites. É por isso que eu os ultrapasso.",
      "ativo": true,
      "id": "339D093BCD6873CB9EB5288CCDB5311A"
    },
    {
      "original": "Si une femme est mal habillée, on remarque sa robe, mais si elle est impeccablement vêtue, c’est elle que l’on remarque",
      "traducao": "Se uma mulher está mal vestida, reparamos na sua roupa, mas se ela está impecavelmente vestida, é nela que reparamos.",
      "ativo": true,
      "id": "972973BE1C8FB7019C722E96ACBB86FD"
    },
    {
      "original": "Créer, c’est vivre deux fois",
      "traducao": "Criar é viver duas vezes.",
      "ativo": true,
      "id": "94CBD8D7F165F220033263DDD572B947"
    },
    {
      "original": "Créer, c’est aussi donner une forme à son destin",
      "traducao": "Criar é também dar uma forma ao seu destino.",
      "ativo": true,
      "id": "6DE7EFE5A767A3E99C5CB625A249CC07"
    },
    {
      "original": "Un exemple n'est pas toujours un exemple à suivre",
      "traducao": "Um exemplo nem sempre é um exemplo a ser seguido.",
      "ativo": true,
      "id": "23E51BB2DDB9FB14C25E6D0081D73097"
    },
    {
      "original": "Il n’y a de réussite qu’à partir de la vérité",
      "traducao": "Só há êxito a partir da verdade.",
      "ativo": false,
      "id": "9F8FEFA28C318655AB8E07483E0A5E69"
    },
    {
      "original": "Le cinéma, comme la peinture, montre l’invisible",
      "traducao": "O cinema, como a pintura, mostra o invisível.",
      "ativo": true,
      "id": "B56A19FCF532491A3206599FC157E9A6"
    },
    {
      "original": "La douleur passe, la beauté reste",
      "traducao": "A dor passa, a beleza permanece.",
      "ativo": true,
      "id": "1DF352AFBDF3DED0E6A9A5D040634D61"
    },
    {
      "original": "Il faut manger pour vivre et non pas vivre pour manger",
      "traducao": "Deve-se comer para viver e não viver para comer.",
      "ativo": true,
      "id": "6909631ED3C360797B39AB22BD21D90F"
    },
    {
      "original": "Les langues ont toujours du venin à répandre",
      "traducao": "As linguas sempre tem veneno para espalhar.",
      "ativo": true,
      "id": "9C035E0AFADFC55C9E4A0BDD75E19B95"
    },
    {
      "original": "Les gens de qualité savent tout sans avoir jamais rien appris",
      "traducao": "As pessoas de qualidade sabem tudo sem nunca ter aprendido.",
      "ativo": true,
      "id": "0E814E4FB55A6BC0236FB9CCA591E30E"
    },
    {
      "original": "Aimer, ce n’est pas se regarder l’un l’autre, c’est regarder ensemble dans la même direction",
      "traducao": "Amar não é olhar um ao outro, é olhar na mesma direção.",
      "ativo": true,
      "id": "5807027E4C9AE0E127DA48594FD8E69E"
    },
    {
      "original": "La nostalgie c’est le désir d’on ne sait quoi…",
      "traducao": "A nostalgia é o desejo de não sabemos o quê.",
      "ativo": true,
      "id": "3372CBA4002FF91A9EAC95069CCFE141"
    },
    {
      "original": "On ne voit bien qu’avec le cœur. L’essentiel est invisible pour les yeux",
      "traducao": "Só se vê bem com o coração. O essencial é invisível aos olhos.",
      "ativo": true,
      "id": "828D887449B4C0F0BDAB89AFBEE7A38A"
    },
    {
      "original": "Toutes les grandes personnes ont d’abord été des enfants, mais peu d’entre elles s’en souviennent",
      "traducao": "Todos os grandes homens foram crianças, mas pouco deles se lembram.",
      "ativo": true,
      "id": "8F47BAF849A97725DA47FE2B7767792F"
    },
    {
      "original": "N’espère rien de l’homme s’il travaille pour sa propre vie et non pour son éternité",
      "traducao": "Não espere nada de um homem se ele trabalha para sua propria vida e não para sua eternidade.",
      "ativo": true,
      "id": "46E6CEE68E229C0CB800ECCB83B06498"
    },
    {
      "original": "Pour ce qui est de l’avenir, il ne s’agit pas de le prévoir, mais de le rendre possible",
      "traducao": "Em relação ao futuro, não se trata de prevê-lo, mas sim de torna-lo possivel.",
      "ativo": true,
      "id": "4757E9F2A1E35F56956F569C398F74DD"
    },
    {
      "original": "Dans la vie on ne fait pas ce que l’on veut mais on est responsable de ce que l’on est",
      "traducao": "Na vida não fazemos o que queremos mas somos responsaveis daquilos que somos.",
      "ativo": true,
      "id": "31E00BCA40E0328D1FEC3EB22CB08199"
    },
    {
      "original": "Rêver, c’est le bonheur; attendre, c’est la vie",
      "traducao": "Sonhar é a felicidade, esperar é a vida.",
      "ativo": true,
      "id": "84FC3D80CE2106AB482B56A54EE37FAA"
    },
    {
      "original": "Le meilleur gouvernement est celui où il y a le moins d’hommes inutiles",
      "traducao": "O melhor governo é aquele odne tem menos homens inuteis.",
      "ativo": true,
      "id": "F23012E2B25251D3AD204200AE5C8552"
    },
    {
      "original": "Un homme est bien fort quand il s’avoue sa faiblesse",
      "traducao": "Um homem é bem forte quando admite sua fraqueza.",
      "ativo": true,
      "id": "86D029F84935A6D34A9DB649DBBA7E90"
    }
  ]
}