{
  "id": "0b085288-4bbd-4653-a100-fd4e8ffff8b8",
  "idioma-original": "fra-CA",
  "idioma-traducao": "por-BRA",
  "titulo": "Frases em Francês Básico",
  "data": "2020/01/12",
  "autor": "Marcelo Souza",
  "tipo": "frases",
  "destaque": true,
  "frases": [
    {
      "original": "Bonjour",
      "traducao": "Olá /Bom dia",
      "ativo": true,
      "id": "F02368945726D5FC2A14EB576F7276C0"
    },
    {
      "original": "Bonsoir",
      "traducao": "Boa tarde/Boa noite",
      "ativo": true,
      "id": "B9A6D02F68947DDF2EDC86A59C3AF4CA"
    },
    {
      "original": "Bonne nuit",
      "traducao": "Boa noite (geralmente usada quando já se está indo para cama)",
      "ativo": true,
      "id": "D76344F7082251A2DC67141567EF1FD3"
    },
    {
      "original": "Salut",
      "traducao": "Oi/tchau",
      "ativo": true,
      "id": "3ED7DCEAF266CAFEF032B9D5DB224717"
    },
    {
      "original": "Au revoir",
      "traducao": "Adeus",
      "ativo": true,
      "id": "9F1C99E34B6E402F175708A71E428A09"
    },
    {
      "original": "S'il vous plaît",
      "traducao": "Por favor (Formal)",
      "ativo": true,
      "id": "739E3AF8D72E82B1CAA94D074E5054CF"
    },
    {
      "original": "S'il te plaît",
      "traducao": "Por favor (Informal)",
      "ativo": true,
      "id": "8C1EE432342142DEBB63FF9B5C3542BB"
    },
    {
      "original": "Merci (beaucoup)",
      "traducao": "Obrigado/muito obrigado",
      "ativo": true,
      "id": "461AF796D1BAEFF9E864D245B91E27FD"
    },
    {
      "original": "Je vous en prie",
      "traducao": "De nada/vá em frente/depois de você (Formal)/Eu imploro",
      "ativo": true,
      "id": "8F26A651AAAD0CDD8678D427D7C936EB"
    },
    {
      "original": "De rien",
      "traducao": "De nada",
      "ativo": true,
      "id": "6D0458BF07AAA4865B9B8251F14273F9"
    },
    {
      "original": "Bienvenu (e)",
      "traducao": "Bem-vindo",
      "ativo": true,
      "id": "7142C8834644780120608145537E684C"
    },
    {
      "original": "A tout à l'heure",
      "traducao": "Até mais tarde",
      "ativo": true,
      "id": "75C68A19BD50CDB4B73EA1424C553B6F"
    },
    {
      "original": "A plus tard",
      "traducao": "Até mais tarde",
      "ativo": true,
      "id": "17609DCCE71EA50EF85E94A04E27649F"
    },
    {
      "original": "A bientôt",
      "traducao": "Até breve",
      "ativo": true,
      "id": "1024547CDB0BD86D77AE17C35C1534F3"
    },
    {
      "original": "A demain",
      "traducao": "Até amanhã",
      "ativo": true,
      "id": "D8941B0D518B1C69D90D50E835FB11D4"
    },
    {
      "original": "Oui",
      "traducao": "Sim",
      "ativo": true,
      "id": "B2A5ABFEEF9E36964281A31E17B57C97"
    },
    {
      "original": "Non",
      "traducao": "Não",
      "ativo": true,
      "id": "14B8F0494C6F1460C3720D0CE692DBCA"
    },
    {
      "original": "Je suis désolé  (e)",
      "traducao": "Desculpe/lamento",
      "ativo": true,
      "id": "688659300A57BE59FE6372A7ABFED3AF"
    },
    {
      "original": "Pardon!",
      "traducao": "Com licença/desculpe",
      "ativo": true,
      "id": "903FC0E42FE47F11A0BE5390AD808E22"
    },
    {
      "original": "Allons-y!",
      "traducao": "Vamos",
      "ativo": true,
      "id": "477233C440C0609DF1099A0D73B95E5E"
    },
    {
      "original": "Comment allez-vous?",
      "traducao": "Como você está? (Formal)",
      "ativo": true,
      "id": "90DC372A88631C627B216F1FA7D54064"
    },
    {
      "original": "Ça va?",
      "traducao": "Como você está? (Informal)",
      "ativo": true,
      "id": "068D382E8A67027FC1BB72A918F21AC6"
    },
    {
      "original": "Très bien!",
      "traducao": "Muito bom!",
      "ativo": true,
      "id": "DCF25E16D20FD81ACDB86A95DC619D33"
    },
    {
      "original": "Je vais bien",
      "traducao": "Eu estou bem",
      "ativo": true,
      "id": "06C09BE8D5F8F8767ABF766A20770795"
    },
    {
      "original": "Ça va",
      "traducao": "Eu estou bem (Resposta informal para Ça va)",
      "ativo": true,
      "id": "2DC8995F475E43896C080E6AC4643FD0"
    },
    {
      "original": "Mal",
      "traducao": "Mau",
      "ativo": true,
      "id": "749DFE7C0CD3B291EC96D0BB8924CB46"
    },
    {
      "original": "Pas mal",
      "traducao": "Não é ruim",
      "ativo": true,
      "id": "A9254FA420ED6CC19C3A8BC14717BA06"
    },
    {
      "original": "Comment vous appelez-vous?",
      "traducao": "Qual é o seu nome? (Formal)",
      "ativo": true,
      "id": "0FC2D2ED9B284AC327275AA915F1B257"
    },
    {
      "original": "Tu t'appelles comment?",
      "traducao": "Qual é o seu nome? (Informal)",
      "ativo": true,
      "id": "19D4D71F8775D157738E67588C20A0AE"
    },
    {
      "original": "Je m'appelle",
      "traducao": "Meu nome é...",
      "ativo": true,
      "id": "644147FC01E366B2CDF3A4F80DD9086C"
    },
    {
      "original": "Enchanté (e)",
      "traducao": "Prazer em conhecê-lo",
      "ativo": true,
      "id": "D5E4459076CB6799DDEBF916FF3BC3BB"
    },
    {
      "original": "Monsieur",
      "traducao": "Senhor",
      "ativo": true,
      "id": "D8187CA1C7189A53C2AC6E8A7FE351D6"
    },
    {
      "original": "Madame",
      "traducao": "Senhora",
      "ativo": true,
      "id": "43EE1D83B74B6407B7BF4160A5B28FD7"
    },
    {
      "original": "Mademoiselle",
      "traducao": "Senhorita",
      "ativo": true,
      "id": "B7D84E7E559072E1516AAC20B44FC111"
    },
    {
      "original": "Mesdames et messieurs",
      "traducao": "Senhoras e senhores",
      "ativo": true,
      "id": "1392F4B00AC2CEEE5F0915359DE21945"
    },
    {
      "original": "Vous êtes d'où?",
      "traducao": "De onde você é? (Formal)",
      "ativo": true,
      "id": "EA645DC15527889E8028A5A3F858D480"
    },
    {
      "original": "Tu es d'où?",
      "traducao": "De onde você é? (Informal)",
      "ativo": true,
      "id": "91BE1D3AA033D9648A93977290541923"
    },
    {
      "original": "Je suis de",
      "traducao": "Eu sou de...",
      "ativo": true,
      "id": "1DD57EEC2F8C318E937B5EF4967EF5A2"
    },
    {
      "original": "Où habitez-vous?",
      "traducao": "Onde você mora? (Formal)",
      "ativo": true,
      "id": "BA66AF50D95707267313A9DDACFD20AD"
    },
    {
      "original": "Tu habites où?",
      "traducao": "Onde você mora? (Informal)",
      "ativo": true,
      "id": "D04D09A2221E4FB28CC5C5D9B9AE4A49"
    },
    {
      "original": "J'habite à",
      "traducao": "Eu moro em...",
      "ativo": true,
      "id": "E4F3EB8BDC435865BE25A15E64C0FADD"
    },
    {
      "original": "Quel âge avez-vous?",
      "traducao": "Quantos anos você tem? (Formal)",
      "ativo": true,
      "id": "29590F32106FD06D4AA253103EC945E7"
    },
    {
      "original": "Tu as quel âge?",
      "traducao": "Quantos anos você tem? (Informal)",
      "ativo": true,
      "id": "CF20FAE028E4F85E8324B773C126DF88"
    },
    {
      "original": "J'ai _ ans",
      "traducao": "Eu tenho _ anos.",
      "ativo": true,
      "id": "00DFBE89965B475D56440ABB3D6E5506"
    },
    {
      "original": "Parlez-vous français?",
      "traducao": "Você fala francês? (Formal)",
      "ativo": true,
      "id": "900B6F80A7D34B98270B8DF39E026D28"
    },
    {
      "original": "Tu parles anglais?",
      "traducao": "Você fala inglês? (Informal)",
      "ativo": true,
      "id": "BE00889C16ECD63C43740B313899CD1D"
    },
    {
      "original": "Je ne parle pas espagnol",
      "traducao": "Eu não falo espanhol",
      "ativo": true,
      "id": "8AA3E649DDD30923B3DACA2C9A51E17C"
    },
    {
      "original": "Comprenez-vous?",
      "traducao": "Você entende? (Formal)",
      "ativo": true,
      "id": "0D1D24E180A1DDC6411FBF8D1D7F623C"
    },
    {
      "original": "Tu comprends?",
      "traducao": "Você entende? (Informal)",
      "ativo": true,
      "id": "10598685DAB2E7D43014C76CB7BE92D4"
    },
    {
      "original": "Je ne comprends pas",
      "traducao": "Eu não entendo",
      "ativo": true,
      "id": "966CC1AACC93503FF668938F9E89A753"
    },
    {
      "original": "Je ne sais pas",
      "traducao": "Eu não sei",
      "ativo": true,
      "id": "304772E972672DE09F0CBAAC1BF62EA8"
    },
    {
      "original": "Pouvez-vous m'aider?",
      "traducao": "Você pode me ajudar? (Formal)",
      "ativo": true,
      "id": "F3E07CB048054D35F846D42535BC2730"
    },
    {
      "original": "Tu peux m'aider?",
      "traducao": "Você pode me ajudar? (Informal)",
      "ativo": true,
      "id": "91EC4D1D770844BC8837899F988123EB"
    },
    {
      "original": "Bien sûr",
      "traducao": "Claro",
      "ativo": true,
      "id": "674F782C2A8EA897031148F7EF9D27D7"
    },
    {
      "original": "Comment?",
      "traducao": "Como? /Desculpa?",
      "ativo": true,
      "id": "6FA05D3CB18B7ED4D5BD5EC4E520B1A0"
    },
    {
      "original": "Où est...?",
      "traducao": "Onde está...",
      "ativo": true,
      "id": "045D680DC2090319B32D23F9D0F6DF66"
    },
    {
      "original": "Où sont...?",
      "traducao": "Onde estão...",
      "ativo": true,
      "id": "E47D4AE729ECFA6733725E37DB2701A2"
    },
    {
      "original": "Voici",
      "traducao": "Aqui está/aqui estão",
      "ativo": true,
      "id": "A08A1101EA8BE244DC502E4271B2F0C1"
    },
    {
      "original": "Voilà",
      "traducao": "Aqui está!",
      "ativo": true,
      "id": "E584901746EE810373AD26138FCAACAD"
    },
    {
      "original": "Comment dit-on _ en français?",
      "traducao": "Como se diz _ em francês?",
      "ativo": true,
      "id": "FEBEE5322297D0C49A999D9933FAA59D"
    },
    {
      "original": "Qu'est-ce qu'il y a?",
      "traducao": "Qual é o problema?",
      "ativo": true,
      "id": "EAE332137C45F5618605D4BD078BE913"
    },
    {
      "original": "Ça ne fait rien",
      "traducao": "Isso não importa.",
      "ativo": true,
      "id": "D01B73E245CA1AD78E89DBDE26F2CE30"
    },
    {
      "original": "Qu'est-ce qui se passe?",
      "traducao": "O que está acontecendo?",
      "ativo": true,
      "id": "F6125DE67F7AE3C471BB06F85FBE99AD"
    },
    {
      "original": "Je n'ai aucune idée",
      "traducao": "Eu não faço ideia",
      "ativo": true,
      "id": "2A7BD9D6FA31D4699DE174E4E4FC18FA"
    },
    {
      "original": "Je suis fatigué (e)",
      "traducao": "Estou cansado",
      "ativo": true,
      "id": "61894714EFEA012BA87D54551E3F8E6A"
    },
    {
      "original": "Je suis malade",
      "traducao": "Estou doente",
      "ativo": true,
      "id": "B39FAD1BC6F09EEB51A0CD00B1A70D7F"
    },
    {
      "original": "J'ai faim",
      "traducao": "Estou com fome",
      "ativo": true,
      "id": "0F25E1B38CE881522D376C839525FE45"
    },
    {
      "original": "J'ai soif",
      "traducao": "Estou com sede",
      "ativo": true,
      "id": "75AB42E90FAE1014BD3DEF9674428A5C"
    },
    {
      "original": "J'ai froid",
      "traducao": "Estou com frio",
      "ativo": true,
      "id": "AC38AE8108436302674E33F3404C9989"
    },
    {
      "original": "Je m'ennuie",
      "traducao": "Estou entediado",
      "ativo": true,
      "id": "A143593522E5824F3389F1BF3B85F363"
    },
    {
      "original": "Je m'en fiche",
      "traducao": "Eu não me importo (Informal)",
      "ativo": true,
      "id": "5DE25FA2F00DA837A9C0D310ABAFE821"
    },
    {
      "original": "Ne vous en faites pas",
      "traducao": "Não se preocupe (Formal)",
      "ativo": true,
      "id": "94806F6C829BCB39A4A088FE07F99983"
    },
    {
      "original": "Ne t'en fais pas",
      "traducao": "Não se preocupe (Informal)",
      "ativo": true,
      "id": "EDE5AD3466A3B9146B777E9FFFD4F04D"
    },
    {
      "original": "Ce n'est pas grave",
      "traducao": "Não importa",
      "ativo": true,
      "id": "625D19A4D6AA4B60C62438A42FDBB0BA"
    },
    {
      "original": "J'ai oublié",
      "traducao": "Eu esqueci",
      "ativo": true,
      "id": "4202F608660AE6E0EF4F4FB986C54460"
    },
    {
      "original": "Je dois y aller",
      "traducao": "Eu tenho que ir",
      "ativo": true,
      "id": "25342DA00159E9466074BD34878438D9"
    },
    {
      "original": "A vos souhaits!",
      "traducao": "Te abençoe! (Formal; quando alguém espirra)",
      "ativo": true,
      "id": "1DC68FAB9E4AA05D8E516CF05F04B7EF"
    },
    {
      "original": "A tes souhaits!",
      "traducao": "Te abençoe! (Informal; quando alguém espirra)",
      "ativo": true,
      "id": "2B94EB1A9E0F603019846C2C8E9415B0"
    },
    {
      "original": "Félicitations!",
      "traducao": "Parabéns!",
      "ativo": true,
      "id": "DD6078EDFAEB60DE64579D2981611DE4"
    },
    {
      "original": "Bonne chance!",
      "traducao": "Boa sorte!",
      "ativo": true,
      "id": "58E4D74622FCB615EC0081B89EDEEAFC"
    },
    {
      "original": "C'est à vous!",
      "traducao": "É sua vez (Formal)",
      "ativo": true,
      "id": "B00C55115055409F5269C54E570E1283"
    },
    {
      "original": "C'est à toi!",
      "traducao": "É sua vez (Informal)",
      "ativo": true,
      "id": "6273A5202A8B8942ADE07372DC98C6B9"
    },
    {
      "original": "Taisez-vous!",
      "traducao": "Fique quieto! (Formal)",
      "ativo": true,
      "id": "B3E15B61D81D0F028CF2FFFCC20EA849"
    },
    {
      "original": "Tais-toi!",
      "traducao": "Fique quieto! (Informal)",
      "ativo": true,
      "id": "18C6B3E85916B934817B5F0B81AEB1B1"
    },
    {
      "original": "Je vous aime",
      "traducao": "Eu amo você (Formal e plural)",
      "ativo": true,
      "id": "6F3A957063F7573BA14A932B369D7A05"
    },
    {
      "original": "Je t'aime",
      "traducao": "Eu amo você",
      "ativo": true,
      "id": "9A1BE3967FAA1EE1DBC22FAAFD32C3EF"
    },
    {
      "original": "Quoi de neuf?",
      "traducao": "E as novidades?",
      "ativo": true,
      "id": "BE70B2D85F0EC0956D37285E938FDDC1"
    },
    {
      "original": "Pas grand-chose",
      "traducao": "Não muito.",
      "ativo": true,
      "id": "1C7441C6D0EB94C60BE30753A740602C"
    }
  ]
}