{
  "id": "466653fd-4473-4a78-9c34-ad9eecbdec33",
  "idioma-original": "fra-CA",
  "idioma-traducao": "por-BRA",
  "titulo": "Primeiras palavras",
  "data": "2020/01/05",
  "autor": "Marcelo Souza",
  "tipo": "palavras",
  "destaque": true,
  "frases": [
    {
      "original": "la citrouille",
      "traducao": "a abóbora",
      "ativo": true,
      "id": "88D00E6DDE819C38C596976ABD3BB750"
    },
    {
      "original": "la douleur",
      "traducao": "a dor",
      "ativo": true,
      "id": "6255920B5D17CA21CEA7D489C4E25F41"
    },
    {
      "original": "le plaisir",
      "traducao": "o prazer",
      "ativo": true,
      "id": "A31AFEE81962B4D1175E243F5C9D0BE1"
    },
    {
      "original": "le morceau",
      "traducao": "o pedaço",
      "ativo": true,
      "id": "E2731F2E9CE60DFED44645091852F20B"
    },
    {
      "original": "enchanté",
      "traducao": "muito prazer",
      "ativo": true,
      "id": "6057C3483772E446157452E5B804006E"
    },
    {
      "original": "vingt",
      "traducao": "vinte",
      "ativo": true,
      "id": "254FE26D28C2D41C4D2698C039996E6E"
    },
    {
      "original": "Suivez-moi, s'il vous plaît!",
      "traducao": "Siga-me, por favor!",
      "ativo": true,
      "id": "C9176D8B125D4D06EFA3E9E3A0CE2396"
    },
    {
      "original": "Je suis Espagnol",
      "traducao": "Eu sou espanhol.",
      "ativo": true,
      "id": "78EB53C6B20C5E7F20EC7871A660B02D"
    },
    {
      "original": "le concombre",
      "traducao": "o pepino",
      "ativo": true,
      "id": "D5CACEAC1C05FE8896189F60D6F8EF38"
    },
    {
      "original": "plus",
      "traducao": "mais",
      "ativo": true,
      "id": "D7D18CFB3A0D8293E2F5D94EA30E04D2"
    },
    {
      "original": "non",
      "traducao": "não",
      "ativo": true,
      "id": "14B8F0494C6F1460C3720D0CE692DBCA"
    },
    {
      "original": "l'heure",
      "traducao": "a hora",
      "ativo": true,
      "id": "FB1DB19A1E24FEBAAE5FDD982EC8BFE7"
    },
    {
      "original": "frais",
      "traducao": "fresco",
      "ativo": true,
      "id": "DF75DB88C4C5CC5EC95987E4A5E013CF"
    },
    {
      "original": "le numéro",
      "traducao": "o número",
      "ativo": true,
      "id": "479ACBAE48C369B74C21721962331CCD"
    },
    {
      "original": "treize",
      "traducao": "treze",
      "ativo": true,
      "id": "C26F75492097ED7B57C515B6D199F1A5"
    },
    {
      "original": "bientôt",
      "traducao": "logo",
      "ativo": true,
      "id": "84101BA7E58F66409BACD196F378EA2B"
    },
    {
      "original": "sept",
      "traducao": "sete",
      "ativo": true,
      "id": "ABD0DF592DE9DE127051CCDDDBFE63D8"
    },
    {
      "original": "Je ne parle pas allemand",
      "traducao": "Eu não falo alemão.",
      "ativo": true,
      "id": "E7868E22C810F4EBF33243E130EF53E1"
    },
    {
      "original": "un",
      "traducao": "um",
      "ativo": true,
      "id": "0674272BAC0715F803E382B5AA437E08"
    },
    {
      "original": "seize",
      "traducao": "dezesseis",
      "ativo": true,
      "id": "859446768554C9CB461C7F673485B41D"
    },
    {
      "original": "Quand est-ce que ton train arrive?",
      "traducao": "Quando chega o seu trem?",
      "ativo": true,
      "id": "B1BF80780808EA5028E1C706F267E602"
    },
    {
      "original": "la pomme de terre",
      "traducao": "a batata",
      "ativo": true,
      "id": "0759AFC5B65BB51791D82DE177BC3630"
    },
    {
      "original": "Je voudrais une bouteille d'eau",
      "traducao": "Eu gostaria de uma garrafa de água.",
      "ativo": true,
      "id": "09D5C6250F342D487E631BB629494C04"
    },
    {
      "original": "cinq",
      "traducao": "cinco",
      "ativo": true,
      "id": "BFE30FE4CCA73ED7A7062CD502FD38C0"
    },
    {
      "original": "tomber sur quelqu'un",
      "traducao": "encontrar alguém (por acaso)",
      "ativo": true,
      "id": "9442FF61B48877F71BCBE673DBD54A0B"
    },
    {
      "original": "la surprise",
      "traducao": "a surpresa",
      "ativo": true,
      "id": "A377E1BDF1918D8069753A800E77DC01"
    },
    {
      "original": "Bon appétit!",
      "traducao": "Bom apetite!",
      "ativo": true,
      "id": "997ACACE7C8F00FE644F237B8496C9A6"
    },
    {
      "original": "grand",
      "traducao": "grande",
      "ativo": true,
      "id": "662F0059608902AAAF47299022F207CA"
    },
    {
      "original": "le fruit",
      "traducao": "a fruta",
      "ativo": true,
      "id": "52BD091536BAB8A6F266018619819142"
    },
    {
      "original": "la peur",
      "traducao": "o medo",
      "ativo": true,
      "id": "2EA03D09B81577E87161010A8628BBD3"
    },
    {
      "original": "Je m'appelle Martina",
      "traducao": "Eu me chamo Martina.",
      "ativo": true,
      "id": "87128AF964130B931771D7614C62C10F"
    },
    {
      "original": "le citron",
      "traducao": "o limão",
      "ativo": true,
      "id": "7B8CFC386B1DC6C762DB43B796D54F15"
    },
    {
      "original": "la pomme",
      "traducao": "a maçã",
      "ativo": true,
      "id": "0AE18A7FC735E3F35E41FF5D286F936D"
    },
    {
      "original": "la sensation",
      "traducao": "a sensação",
      "ativo": true,
      "id": "2B7E7A6CDAAD245ABE240C56587CCF12"
    },
    {
      "original": "dix-neuf",
      "traducao": "dezenove",
      "ativo": true,
      "id": "B1C1ABA662F2827C652B100F00CA455E"
    },
    {
      "original": "foncé",
      "traducao": "escuro",
      "ativo": true,
      "id": "DD09B70D010333DF4D76D1633682FF27"
    },
    {
      "original": "Tu te sens bien?",
      "traducao": "Você se sente bem?",
      "ativo": true,
      "id": "353F7FCD41CCB2C6C9DE92F3C4DDAACF"
    },
    {
      "original": "nutritif",
      "traducao": "nutritivo",
      "ativo": true,
      "id": "D43E5995D4667D155DA08B7E02DB46E7"
    },
    {
      "original": "la couleur",
      "traducao": "a cor",
      "ativo": true,
      "id": "56728DB678D7339F9EAA95DB9A411C26"
    },
    {
      "original": "Tu vas venir à la fête?",
      "traducao": "Você vem à festa?",
      "ativo": true,
      "id": "77EA2A5E6BF5D3115E5C1E3C7ABBF8A2"
    },
    {
      "original": "deux",
      "traducao": "dois",
      "ativo": true,
      "id": "F83815AEDAA1B6BF4211E85910E6BC82"
    },
    {
      "original": "blanc",
      "traducao": "branco",
      "ativo": true,
      "id": "DF3A3CF9EC25226E0ED1F1841E54BEF9"
    },
    {
      "original": "neuf",
      "traducao": "nove",
      "ativo": true,
      "id": "DC0B8B59EDDA83D91FC78BCE5AA76CC8"
    },
    {
      "original": "Je cherche des cartes postales",
      "traducao": "Eu procuro cartões postais.",
      "ativo": true,
      "id": "9EB96D4D549198A1A4A98B213FBCA6B3"
    },
    {
      "original": "Du poulet avec des frites, s'il vous plaît",
      "traducao": "Frango com batatas fritas, por favor.",
      "ativo": true,
      "id": "DD4C6A924B59BA35B9AF3F0B4CB2181A"
    },
    {
      "original": "dix-huit",
      "traducao": "dezoito",
      "ativo": true,
      "id": "863D3EDB7205C4151A0020E8038482B6"
    },
    {
      "original": "quatorze",
      "traducao": "quatorze",
      "ativo": true,
      "id": "6CF540E97BB9C79B43BB182C118F8200"
    },
    {
      "original": "à demain",
      "traducao": "até amanhã",
      "ativo": true,
      "id": "254944C9D8ACF800F7E31A67A6F83403"
    },
    {
      "original": "les épinards",
      "traducao": "o espinafre",
      "ativo": true,
      "id": "9E929B898CC32D4986BB668FCE6BAAD1"
    },
    {
      "original": "Qu'en pensez-vous?",
      "traducao": "O que vocês pensam sobre isso?",
      "ativo": true,
      "id": "C5928F05B6FCE0DAEDB1BDEC557A3C0F"
    },
    {
      "original": "L'addition, s'il vous plaît",
      "traducao": "A conta, por favor!",
      "ativo": true,
      "id": "BC1BDAEA706DC77F32163762C58DC490"
    },
    {
      "original": "rouge",
      "traducao": "vermelho",
      "ativo": true,
      "id": "C6EA9AF480CA35CB8DED3CB033937F58"
    },
    {
      "original": "jaune",
      "traducao": "amarelo",
      "ativo": true,
      "id": "892B2D84220F7FCD0076397011F53E04"
    },
    {
      "original": "le temps",
      "traducao": "o tempo",
      "ativo": true,
      "id": "802F4B2603A918FE2FC9CF0239CAB21B"
    },
    {
      "original": "la seconde",
      "traducao": "o segundo",
      "ativo": true,
      "id": "ABB639A076EDD73A31DBE325F4727DF3"
    },
    {
      "original": "nerveux",
      "traducao": "nervoso",
      "ativo": true,
      "id": "75332E294E83EB413CD3CEE612EE6C4E"
    },
    {
      "original": "l'olive",
      "traducao": "a azeitona",
      "ativo": true,
      "id": "E12EE5DE46BF2281853009CFC2769237"
    },
    {
      "original": "Attends! Reviens!",
      "traducao": "Espere! Volte!",
      "ativo": true,
      "id": "5D32812617D4199859981DCC54A33D10"
    },
    {
      "original": "dix-sept",
      "traducao": "dezessete",
      "ativo": true,
      "id": "9D668852C989EE1BC2AFB0BA9E0A605D"
    },
    {
      "original": "mâcher",
      "traducao": "mastigar",
      "ativo": true,
      "id": "7459D1EB9A3E16D2D1D7DF8297B1FB4E"
    },
    {
      "original": "la banane",
      "traducao": "a banana",
      "ativo": true,
      "id": "D228DE145E370170EAEBD4DA5204202C"
    },
    {
      "original": "zéro",
      "traducao": "zero",
      "ativo": true,
      "id": "48ABAB4801AFEA1B068CAFE24EE04BD6"
    },
    {
      "original": "pardon",
      "traducao": "desculpe",
      "ativo": true,
      "id": "7717FDF71BCC8418FB7FABCB5B9C46D2"
    },
    {
      "original": "douze",
      "traducao": "doze",
      "ativo": true,
      "id": "E3CA7FBE759A0D0AFB2CBD2A62390472"
    },
    {
      "original": "noir",
      "traducao": "preto",
      "ativo": true,
      "id": "619B446F1DF515147442F2E5F66BE628"
    },
    {
      "original": "la minute",
      "traducao": "o minuto",
      "ativo": true,
      "id": "60BD2CEE93052AA366ECBE67CD3C259D"
    },
    {
      "original": "clair",
      "traducao": "claro",
      "ativo": true,
      "id": "7582B9974A1186715ABA1D2ADC5ECA44"
    },
    {
      "original": "Nous devons bientôt descendre!",
      "traducao": "Nós precisamos descer logo!",
      "ativo": true,
      "id": "B574CCC9ED41C4A616780C0CE65DCD88"
    },
    {
      "original": "à bientôt",
      "traducao": "até logo",
      "ativo": true,
      "id": "13FF28032FCC0FD7046AB58C80EC402A"
    },
    {
      "original": "bleu",
      "traducao": "azul",
      "ativo": true,
      "id": "12BBD9846D51A4F3239E5F72C150EB07"
    },
    {
      "original": "quinze",
      "traducao": "quinze",
      "ativo": true,
      "id": "C5614809EC8EFC8BA22A20636AD3537B"
    },
    {
      "original": "combien",
      "traducao": "quantos",
      "ativo": true,
      "id": "71D7692BFB9751A5246FC9ADC34F241A"
    },
    {
      "original": "la carotte",
      "traducao": "a cenoura",
      "ativo": true,
      "id": "D2433BBFFB1183BC74B70ED44154574D"
    },
    {
      "original": "Tu parles anglais?",
      "traducao": "Você fala inglês?",
      "ativo": true,
      "id": "BE00889C16ECD63C43740B313899CD1D"
    },
    {
      "original": "arrêter",
      "traducao": "impedir",
      "ativo": true,
      "id": "9A5F962FCF6CE7EF6E6BD477FA0F16ED"
    },
    {
      "original": "fatigué",
      "traducao": "cansado",
      "ativo": true,
      "id": "CFA1A4BDD763A94A7889FB63BEAAE9B6"
    },
    {
      "original": "en ordre",
      "traducao": "em ordem",
      "ativo": true,
      "id": "DBE60BBFA0D1E15389676DF070761688"
    },
    {
      "original": "Vous pouvez déjà monter!",
      "traducao": "Vocês já podem subir!",
      "ativo": true,
      "id": "A58F67B7B06C2AAD32A0A8264432E04B"
    },
    {
      "original": "C'est vraiment bon!",
      "traducao": "Isto é muito gostoso!",
      "ativo": true,
      "id": "D28A51308F79D7F71E5409CCFB857A26"
    },
    {
      "original": "présenter",
      "traducao": "apresentar",
      "ativo": true,
      "id": "650418FB6A18380E6F344EB213E2C1B4"
    },
    {
      "original": "la faim",
      "traducao": "a fome",
      "ativo": true,
      "id": "78B9A580482486948ADFAD9BE3AE63CF"
    },
    {
      "original": "Aimes-tu apprendre?",
      "traducao": "Você gosta de estudar?",
      "ativo": true,
      "id": "5F99FDCE99C87F80C58C161ED50D260E"
    },
    {
      "original": "bon voyage",
      "traducao": "boa viagem",
      "ativo": true,
      "id": "6ED3505A240D6B896991A704F83B9A43"
    },
    {
      "original": "manger",
      "traducao": "comer",
      "ativo": true,
      "id": "CEA28CA4384DD3BF5A23A86297C7104E"
    },
    {
      "original": "marron",
      "traducao": "marrom",
      "ativo": true,
      "id": "24863CB63B2053D512782040F6C134DD"
    },
    {
      "original": "petit",
      "traducao": "pequeno",
      "ativo": true,
      "id": "E3AB6DBF6A4A2EA457083F1463630D87"
    },
    {
      "original": "la soif",
      "traducao": "a sede",
      "ativo": true,
      "id": "379D1DB108CD8968671F929DFD827ED5"
    },
    {
      "original": "la bouteille",
      "traducao": "a garrafa",
      "ativo": true,
      "id": "D2CDD352E4882B693A7E6CB42400AFF6"
    },
    {
      "original": "compter",
      "traducao": "contar",
      "ativo": true,
      "id": "873545902D9BCD558AF279C5A0A7E011"
    },
    {
      "original": "quatre",
      "traducao": "quatro",
      "ativo": true,
      "id": "2C862E68F7A9AD4D5935E4285F24FC28"
    },
    {
      "original": "plus tard",
      "traducao": "mais tarde",
      "ativo": true,
      "id": "4EF57F78DB75A866A2EB35BAE5C3A7F2"
    },
    {
      "original": "s'ennuyer",
      "traducao": "se entediar",
      "ativo": true,
      "id": "A0A2D9987D471A198B0594F731243900"
    },
    {
      "original": "la tomate",
      "traducao": "o tomate",
      "ativo": true,
      "id": "F7F419FA5DB08A7920B378ACEE2FA773"
    },
    {
      "original": "la demi-heure",
      "traducao": "a meia hora",
      "ativo": true,
      "id": "7857FD0B5FE4CAF25A4BDC3B94B89BAD"
    },
    {
      "original": "la framboise",
      "traducao": "a framboesa",
      "ativo": true,
      "id": "8FB1CD42D8D0FD99832FA6A3F7297356"
    },
    {
      "original": "le poivron",
      "traducao": "o pimentão",
      "ativo": true,
      "id": "6222D5A882F7727AC1560A3F984B2A5E"
    },
    {
      "original": "Entrez, s'il vous plaît!",
      "traducao": "Entre, por favor!",
      "ativo": true,
      "id": "331B52FC81831179479134979701D595"
    },
    {
      "original": "mesurer",
      "traducao": "medir",
      "ativo": true,
      "id": "4D9BC3544554E34904249B6CCC63BC5A"
    },
    {
      "original": "voir",
      "traducao": "ver",
      "ativo": true,
      "id": "C2679CCA3EB0C77EE3DCD4AD3834C925"
    },
    {
      "original": "onze",
      "traducao": "onze",
      "ativo": true,
      "id": "0A077F7A16C69ECF478B34A1F277A05C"
    },
    {
      "original": "dix",
      "traducao": "dez",
      "ativo": true,
      "id": "569C818B1E5D5800A1B834580B0EBB22"
    },
    {
      "original": "oui",
      "traducao": "sim",
      "ativo": true,
      "id": "B2A5ABFEEF9E36964281A31E17B57C97"
    },
    {
      "original": "s'il te plaît",
      "traducao": "por favor",
      "ativo": true,
      "id": "8C1EE432342142DEBB63FF9B5C3542BB"
    },
    {
      "original": "la quantité",
      "traducao": "a quantidade",
      "ativo": true,
      "id": "02CC2BD2C2C3ED8A2C490857E79DD3E1"
    },
    {
      "original": "Où sont les toilettes?",
      "traducao": "Onde estão os banheiros?",
      "ativo": true,
      "id": "9CE15915488A58E7AC26C7296B5B9C1D"
    },
    {
      "original": "l'horloge",
      "traducao": "o relógio",
      "ativo": true,
      "id": "908E01612093442B37C3CAF4F130D883"
    },
    {
      "original": "le litre",
      "traducao": "o litro",
      "ativo": true,
      "id": "3F9F185C06AB3A03E19328FF1748BD50"
    },
    {
      "original": "trois",
      "traducao": "três",
      "ativo": true,
      "id": "DF809177146786D164F1FDD500FA1B1E"
    },
    {
      "original": "laisser",
      "traducao": "deixar",
      "ativo": true,
      "id": "F0320FFB79F81299DF23B681541213D9"
    },
    {
      "original": "la laitue",
      "traducao": "a alface",
      "ativo": true,
      "id": "D5D6D4E0EF7513290FB4A6376D0FEED6"
    },
    {
      "original": "Je ne veux pas descendre là-bas",
      "traducao": "Eu não quero descer lá.",
      "ativo": true,
      "id": "D4C27AF509BB3EC2ABCDB8D0BA78C9D1"
    },
    {
      "original": "l'interdiction",
      "traducao": "a proibição",
      "ativo": true,
      "id": "3716887312DE2C728B9C0427822B62D6"
    },
    {
      "original": "pouvoir",
      "traducao": "poder",
      "ativo": true,
      "id": "A7675D549637E00A63FD066D29038844"
    },
    {
      "original": "maintenant",
      "traducao": "agora",
      "ativo": true,
      "id": "66B37B6043C2C178270E0945493C460A"
    },
    {
      "original": "des olives",
      "traducao": "umas azeitonas",
      "ativo": true,
      "id": "300E66F5E5E43CD1957A9707C71617F7"
    },
    {
      "original": "vert",
      "traducao": "verde",
      "ativo": true,
      "id": "C9B416167392C2B301810695B92EFA12"
    },
    {
      "original": "la viande de bœuf",
      "traducao": "a carne de vaca",
      "ativo": true,
      "id": "67DA41B9073A0C05E92D0D881E06ED40"
    },
    {
      "original": "la queue",
      "traducao": "o rabo",
      "ativo": true,
      "id": "B929D46819A28980317BF01C48D75277"
    },
    {
      "original": "cinquante",
      "traducao": "cinquenta",
      "ativo": true,
      "id": "F580593FD9E0A3FF2075254D748D9E17"
    },
    {
      "original": "sans alcool",
      "traducao": "sem álcool",
      "ativo": true,
      "id": "43B904309BDD301AF5BB97CA2255E2A3"
    },
    {
      "original": "la viande hachée",
      "traducao": "a carne moída",
      "ativo": true,
      "id": "1C2218E7FA9718E0864A42DAE95D01BE"
    },
    {
      "original": "les fruits de mer",
      "traducao": "os frutos do mar",
      "ativo": true,
      "id": "779F9081F12450935C346C40D1817BAC"
    },
    {
      "original": "J'ai besoin de trois citrons",
      "traducao": "Eu preciso de três limões.",
      "ativo": true,
      "id": "19B8EFBF3F587213A80E4288AF6457AE"
    },
    {
      "original": "Tu es libre?",
      "traducao": "Você está livre?",
      "ativo": true,
      "id": "CB71A19CC5DFDDA295CCDB3DF3F434C3"
    },
    {
      "original": "maigre",
      "traducao": "magro",
      "ativo": true,
      "id": "DDD09D4FFDDEDA7633CF2B635FF9251A"
    },
    {
      "original": "C'est soixante, rue Rameau",
      "traducao": "Isso é na rua Rameau, sessenta.",
      "ativo": true,
      "id": "0A583176B97F195CDC46EE56FFC2325F"
    },
    {
      "original": "le filet",
      "traducao": "o filé",
      "ativo": true,
      "id": "3F6F0BD1A2FAD76C5C7E737AB7943DC9"
    },
    {
      "original": "vider",
      "traducao": "limpar",
      "ativo": true,
      "id": "E77DC5666C279195CFDCFB592C848EC0"
    },
    {
      "original": "Je préfère les framboises aux fraises",
      "traducao": "Eu gosto mais de framboesas do que de morangos.",
      "ativo": true,
      "id": "301B8ED479CC0A7DDA0B122AB97F6A7D"
    },
    {
      "original": "l'aile",
      "traducao": "a asa",
      "ativo": true,
      "id": "D2063C2C129D909EF7CF298BE733791D"
    },
    {
      "original": "Quelle est ton adresse?",
      "traducao": "Qual é seu endereço?",
      "ativo": true,
      "id": "02CA86C1EBB5974E9CD2EE5C1A939EF0"
    },
    {
      "original": "Tu as quel âge?",
      "traducao": "Você tem que idade?",
      "ativo": true,
      "id": "CF20FAE028E4F85E8324B773C126DF88"
    },
    {
      "original": "le salami",
      "traducao": "o salame",
      "ativo": true,
      "id": "34BF5B078E92806594D09854D71EB5E9"
    },
    {
      "original": "J'aime les bananes",
      "traducao": "Eu adoro bananas.",
      "ativo": true,
      "id": "5CD0A79F2AC5BA3171D5208AD4C3A69E"
    },
    {
      "original": "Vous avez des laitues?",
      "traducao": "Tem alface?",
      "ativo": true,
      "id": "C3EF894F317DF7F29A4B5036F9BC9AB8"
    },
    {
      "original": "les spiritueux",
      "traducao": "as bebidas destiladas",
      "ativo": true,
      "id": "234AD0D7F6937FDE01FFF8E026951167"
    },
    {
      "original": "la boisson rafraîchissante",
      "traducao": "o refrigerante (lit. a bebida refrigerante)",
      "ativo": true,
      "id": "3216BFB4F5CDB5B2C4EE32C9DEFB479C"
    },
    {
      "original": "l'agneau",
      "traducao": "o carneiro",
      "ativo": true,
      "id": "43C65D6FD8899DC157C9590811E01D9A"
    },
    {
      "original": "le gras",
      "traducao": "a gordura",
      "ativo": true,
      "id": "EC43D22F27B609406A3D89D69E5E2FA2"
    },
    {
      "original": "le poisson",
      "traducao": "o peixe",
      "ativo": true,
      "id": "17B18E88779BFE3147EFF917C88F1FAF"
    },
    {
      "original": "trente",
      "traducao": "trinta",
      "ativo": true,
      "id": "9B61BA9ADEAFD2BF0884395D435E77B6"
    },
    {
      "original": "Je voudrais un kilo de pommes",
      "traducao": "Eu gostaria de um quilo de maçãs.",
      "ativo": true,
      "id": "52D49A8933951B23C92C466B33D32335"
    },
    {
      "original": "le porc",
      "traducao": "a carne de porco",
      "ativo": true,
      "id": "21419B94FAF666C7513F7642BEAAB747"
    },
    {
      "original": "le cocktail",
      "traducao": "o coquetel",
      "ativo": true,
      "id": "1DEB011460E5C3CFBA1EAA691EEF133D"
    },
    {
      "original": "le champagne",
      "traducao": "o champanhe",
      "ativo": true,
      "id": "A7AE756B998DAE98522E5A91F2BA1B86"
    },
    {
      "original": "le steak",
      "traducao": "o bife",
      "ativo": true,
      "id": "F612048152C98EDE143797C8E6A8E462"
    },
    {
      "original": "griller",
      "traducao": "fazer churrasco",
      "ativo": true,
      "id": "760DE45EAD390609FF9787F81FEAB08E"
    },
    {
      "original": "la saucisse",
      "traducao": "a salsicha",
      "ativo": true,
      "id": "662D75726F8BFB8E5654341980AB152A"
    },
    {
      "original": "Je fais une fête",
      "traducao": "Eu vou fazer uma festa.",
      "ativo": true,
      "id": "0411401D8DE77275EF55A93E29971DC2"
    },
    {
      "original": "la viande",
      "traducao": "a carne",
      "ativo": true,
      "id": "D8F9E44F1B40888D58D97F3B41E911C6"
    },
    {
      "original": "l'eau du robinet",
      "traducao": "a água da torneira",
      "ativo": true,
      "id": "3AA3E3C5B80C7EEEABFD430135F8F640"
    },
    {
      "original": "sec",
      "traducao": "seco",
      "ativo": true,
      "id": "74459CA3CF85A81DF90DA95FF6E7A207"
    },
    {
      "original": "moins",
      "traducao": "menos",
      "ativo": true,
      "id": "BB7D987A2323AE26384DA9F59A1F9B08"
    },
    {
      "original": "Quel est ton numéro de téléphone?",
      "traducao": "Qual é seu número de telefone?",
      "ativo": true,
      "id": "669F468C18463F642A0AE2F0525EA2CF"
    },
    {
      "original": "Combien coûtent ces oranges?",
      "traducao": "Quanto custam estas laranjas?",
      "ativo": true,
      "id": "3E90CF81E578FD7CD8FEF577921BC31F"
    },
    {
      "original": "quarante",
      "traducao": "quarenta",
      "ativo": true,
      "id": "3B3131956390ED572B61B52F84FF87DA"
    },
    {
      "original": "Les carottes sont très saines",
      "traducao": "Cenouras são muito saudáveis.",
      "ativo": true,
      "id": "F7DA4710C062ACE7E5288450A8C2F085"
    },
    {
      "original": "Tu peux répéter?",
      "traducao": "Você pode repetir?",
      "ativo": true,
      "id": "9719641122661983BBB7A18D27CE9A0F"
    },
    {
      "original": "Tu as un portable?",
      "traducao": "Você tem um celular?",
      "ativo": true,
      "id": "332AFFEDCC2C25876636B08692D4E080"
    },
    {
      "original": "attendre",
      "traducao": "esperar",
      "ativo": true,
      "id": "C5CE859B017655B6198DB3F1D8DB2CAE"
    },
    {
      "original": "sévère",
      "traducao": "rígido",
      "ativo": true,
      "id": "CDB437BBF04D5B70387337026EE30393"
    },
    {
      "original": "la permission",
      "traducao": "a permissão",
      "ativo": true,
      "id": "6700DFD254C59574830C6FBAFCE5AC87"
    },
    {
      "original": "J'habite à Lisbonne",
      "traducao": "Eu moro em Lisboa.",
      "ativo": true,
      "id": "777FBF68A1CA08B523FCD71DBC0E0EB8"
    },
    {
      "original": "content",
      "traducao": "contente",
      "ativo": true,
      "id": "9A0364B9E99BB480DD25E1F0284C8555"
    },
    {
      "original": "Comment tu t'appelles?",
      "traducao": "Como você se chama?",
      "ativo": true,
      "id": "25516C7199265C526E0515A21431A33B"
    },
    {
      "original": "On travaille avec deux Italiens",
      "traducao": "A gente trabalha com dois italianos.",
      "ativo": true,
      "id": "366BE7744213FE10AB5DD05F3DCD777B"
    },
    {
      "original": "l'eau de vie",
      "traducao": "a aguardente",
      "ativo": true,
      "id": "0EA2A1131F116195EA796A74D1D7F14A"
    },
    {
      "original": "joli",
      "traducao": "bonito/a",
      "ativo": true,
      "id": "65B8C5F5D1C4205F014EBD2D1ADA40A2"
    },
    {
      "original": "mince",
      "traducao": "magro/a",
      "ativo": true,
      "id": "052208DBC5F3D3154896DF88E2572AAA"
    },
    {
      "original": "grand",
      "traducao": "alto, grande",
      "ativo": true,
      "id": "662F0059608902AAAF47299022F207CA"
    },
    {
      "original": "Enchanté, je suis Marc",
      "traducao": "Muito prazer (encantado), eu sou o Marc.",
      "ativo": true,
      "id": "BA24D13F5F0289BFEADBA6CE5E52B493"
    },
    {
      "original": "Je parle quatre langues",
      "traducao": "Eu falo quatro línguas.",
      "ativo": true,
      "id": "754E5752DE7CEFDF42F4039344B9E61C"
    },
    {
      "original": "Merci beaucoup, Thierry",
      "traducao": "Muito obrigado/a, Thierry.",
      "ativo": true,
      "id": "78C0F397832D0C19DC91D54FB8276E20"
    },
    {
      "original": "Bienvenue!",
      "traducao": "Bem-vindo/a!",
      "ativo": true,
      "id": "C87A868E5A3C5E522AD3A3C56CAFA76A"
    },
    {
      "original": "Pardon, vous êtes Marion?",
      "traducao": "Com licença (lit. perdão), a senhora é a Marion?",
      "ativo": true,
      "id": "3FF95CFE617FC3F5821C14A149BBBC6A"
    },
    {
      "original": "Ça va?",
      "traducao": "Tudo bem (lit. Vai)?",
      "ativo": true,
      "id": "068D382E8A67027FC1BB72A918F21AC6"
    },
    {
      "original": "Je suis Anglais",
      "traducao": "Eu sou inglês.",
      "ativo": true,
      "id": "204CFF889A40873B56351216E30C7082"
    },
    {
      "original": "Elle est Italienne",
      "traducao": "Ela é italiana.",
      "ativo": true,
      "id": "DA10DEEED9429335D4AA02CCF80A9AA7"
    },
    {
      "original": "espagnol",
      "traducao": "espanhol",
      "ativo": true,
      "id": "9C36961824C0E1AA29B2EC5631B1334F"
    },
    {
      "original": "merci",
      "traducao": "obrigado/a",
      "ativo": true,
      "id": "8E105CEE0AB7650CC3A3751BD986DBF5"
    },
    {
      "original": "oui",
      "traducao": "sim",
      "ativo": true,
      "id": "B2A5ABFEEF9E36964281A31E17B57C97"
    },
    {
      "original": "Je suis Allemande",
      "traducao": "Eu sou alemã.",
      "ativo": true,
      "id": "22957402D1DE42B5B58A5C7631A73215"
    },
    {
      "original": "huit",
      "traducao": "oito",
      "ativo": true,
      "id": "0A753C7D861671504077AACCD4B24974"
    },
    {
      "original": "Je m'appelle Alice",
      "traducao": "Eu me chamo Alice.",
      "ativo": true,
      "id": "E6F0A0A26F565D82BBCAF60384E1ACF4"
    },
    {
      "original": "anglais",
      "traducao": "inglês",
      "ativo": true,
      "id": "FB4EDDD46B059E601590F74C20977712"
    },
    {
      "original": "six",
      "traducao": "seis",
      "ativo": true,
      "id": "F52B5E449A2303C031A0C3A1109360BF"
    },
    {
      "original": "Un, deux, trois... Bienvenue!",
      "traducao": "Um, dois, três... Bem-vindo!",
      "ativo": true,
      "id": "B947ED6733A72EB4367832B89915FE3C"
    },
    {
      "original": "français",
      "traducao": "francês",
      "ativo": true,
      "id": "A561705D32CDDAA50AFAE920A1875D18"
    },
    {
      "original": "Tu es Américain?",
      "traducao": "Você é americano?",
      "ativo": true,
      "id": "2784C7A3730A7406C825FAD3D70C33C2"
    },
    {
      "original": "allemand",
      "traducao": "alemão",
      "ativo": true,
      "id": "E9C689B07DC22E83A19F7E35968488EB"
    },
    {
      "original": "elles",
      "traducao": "elas",
      "ativo": true,
      "id": "610795D000D5AF2CA9CE2102D88AB9A8"
    },
    {
      "original": "Oui, bien sûr",
      "traducao": "Sim, claro.",
      "ativo": true,
      "id": "B7DD84C7B5FB09272B2FA38618E9505F"
    },
    {
      "original": "Nous sommes trois Anglais dans l'équipe",
      "traducao": "Nós somos três ingleses na equipe.",
      "ativo": true,
      "id": "0E99E1F657AD9272EEBB4C8105A2F571"
    },
    {
      "original": "C'est Jérémie",
      "traducao": "Este é (o) Jérémie.",
      "ativo": true,
      "id": "E29B8073CCF004D2E4E2CE217C55A464"
    },
    {
      "original": "Tu es toujours informaticien?",
      "traducao": "Você ainda é informático?",
      "ativo": true,
      "id": "EE1CE5ED5B191D3BA59CB1BAE9CF08EF"
    },
    {
      "original": "Combien ça coûte?",
      "traducao": "Quanto custa isso?",
      "ativo": true,
      "id": "FDE3EBD9F870F605AD9662E69A388236"
    },
    {
      "original": "le lait",
      "traducao": "o leite",
      "ativo": true,
      "id": "6D90C903BD4760D3E3DE244235E39468"
    },
    {
      "original": "Bonne nuit!",
      "traducao": "Boa noite! (quando se vai dormir)",
      "ativo": true,
      "id": "8F1F04A9F3FACF0463171B01A79C0128"
    },
    {
      "original": "des cacahuètes",
      "traducao": "uns amendoins",
      "ativo": true,
      "id": "F3405BC2E0A86C9F662C9703224600AE"
    },
    {
      "original": "Je demande l'addition",
      "traducao": "Eu vou pedir (lit. peço) a conta.",
      "ativo": true,
      "id": "8E2A884FFC10997A5CE769A470127F85"
    },
    {
      "original": "le thé",
      "traducao": "o chá",
      "ativo": true,
      "id": "FCFCE948DE05FD191D429CEE46A19AC1"
    },
    {
      "original": "Je suis professeur",
      "traducao": "Eu sou professor.",
      "ativo": true,
      "id": "BED32D5BFF25C02C8AC1DD804915D44A"
    },
    {
      "original": "le jus",
      "traducao": "o suco",
      "ativo": true,
      "id": "502299D392807FE440E34FB93C27240C"
    },
    {
      "original": "Ça coûte seize euros quinze",
      "traducao": "Isso custa dezesseis euros e quinze.",
      "ativo": true,
      "id": "357455BDC851A2860C595EAA145A65E6"
    },
    {
      "original": "Je suis étudiant",
      "traducao": "Eu sou estudante.",
      "ativo": true,
      "id": "13102BEB28060C527D62DF85F633E0F0"
    },
    {
      "original": "le café",
      "traducao": "o café",
      "ativo": true,
      "id": "3410B6E6199D8E644DE6A527547A8D7B"
    },
    {
      "original": "quel plaisir",
      "traducao": "que bom (lit. prazer)",
      "ativo": true,
      "id": "E9B87925251A4332D81F7FDD4D9B3EE5"
    },
    {
      "original": "Treize ou quatorze euros en tout?",
      "traducao": "Treze ou catorze euros no total?",
      "ativo": true,
      "id": "426565865AF245E79F39744955E01CB9"
    },
    {
      "original": "le vin",
      "traducao": "o vinho",
      "ativo": true,
      "id": "2512B1BDEB2DA7BF0D001AA1051FC041"
    },
    {
      "original": "la limonade",
      "traducao": "a limonada",
      "ativo": true,
      "id": "905C794CD3D5A3FC969AB8667468B23E"
    },
    {
      "original": "l'eau minérale",
      "traducao": "a água mineral",
      "ativo": true,
      "id": "749339157BDC7F45884151FA2D206070"
    },
    {
      "original": "Bonjour!",
      "traducao": "Bom dia!",
      "ativo": true,
      "id": "6C2675D749449F2C8AF1216FD866BB54"
    },
    {
      "original": "boire",
      "traducao": "beber",
      "ativo": true,
      "id": "DAA39681B29800D18F03833B5CDFC08C"
    },
    {
      "original": "une bière",
      "traducao": "uma cerveja",
      "ativo": true,
      "id": "AF057E835775F3B2A0FAC1B9D5CA2E54"
    },
    {
      "original": "un vin rouge",
      "traducao": "um vinho tinto",
      "ativo": true,
      "id": "F2254D239FC0F747BCACDB784A6B9ABB"
    },
    {
      "original": "Qu'est-ce que tu fais dans la vie?",
      "traducao": "O que você faz da vida?",
      "ativo": true,
      "id": "05C121200894AA424FDC8C948D578848"
    },
    {
      "original": "Bonsoir!",
      "traducao": "Boa noite! (até anoitecer)",
      "ativo": true,
      "id": "3BFC77660CF19F7BF2D14CD1B69EEFBF"
    },
    {
      "original": "la salutation",
      "traducao": "a saudação",
      "ativo": true,
      "id": "3621DB7C807D12F6B01F725C1C7E4076"
    },
    {
      "original": "Salut!",
      "traducao": "Oi!/Tchau!",
      "ativo": true,
      "id": "2711BD1FFA9F8BAA25F4C9AC091C4A4E"
    },
    {
      "original": "la boisson",
      "traducao": "a bebida",
      "ativo": true,
      "id": "970C068876844F6394FBAA3468C81D99"
    },
    {
      "original": "bien",
      "traducao": "bem",
      "ativo": true,
      "id": "67D6C28FAC7541D9CE1F46BA4F84E149"
    },
    {
      "original": "la bière",
      "traducao": "a cerveja",
      "ativo": true,
      "id": "A261C5862F3E346715DBDF06289FEC36"
    },
    {
      "original": "Vous êtes collègues!",
      "traducao": "Vocês são colegas!",
      "ativo": true,
      "id": "9B073C59F0FC8CB10A336288BB79BBF0"
    },
    {
      "original": "C'est passionnant",
      "traducao": "É muito interessante (lit. apaixonante).",
      "ativo": true,
      "id": "10F3E27E9C119DB0F9C4461040F725B2"
    },
    {
      "original": "Tu es d'où?",
      "traducao": "Você é de onde?",
      "ativo": true,
      "id": "91BE1D3AA033D9648A93977290541923"
    },
    {
      "original": "On travaille ensemble",
      "traducao": "A gente trabalha juntos.",
      "ativo": true,
      "id": "2774BD5FBDC2E458B043D37AC5E00EF3"
    },
    {
      "original": "Tu habites où?",
      "traducao": "Onde você mora?",
      "ativo": true,
      "id": "D04D09A2221E4FB28CC5C5D9B9AE4A49"
    },
    {
      "original": "Je fais un stage",
      "traducao": "Eu faço um estágio.",
      "ativo": true,
      "id": "F69C65EDE0A9D0E944F895AA99A81617"
    }
  ]
}