{
  "id": "66831257-dda0-41b6-9609-42ae64b6d9a6",
  "idioma-original": "fra-CA",
  "idioma-traducao": "por-BRA",
  "titulo": "Frases para status do WhatsApp",
  "data": "2020/01/08",
  "autor": "Marcelo Souza",
  "tipo": "frases",
  "destaque": false,
  "frases": [
    {
      "original": "Hier, je n'ai rien fait et aujourd'hui je vais finir de faire ce que j'ai fait hier",
      "traducao": "Ontem eu não fiz nada e hoje vou terminar de fazer o que fiz ontem.",
      "ativo": true,
      "id": "8C1E8AE18EB3925C78F355530B36F54E"
    },
    {
      "original": "J’ai déséspérement besoin de 6 mois de vacances… deux fois par an",
      "traducao": "Eu preciso muito de 6 meses de férias 2 vezes por ano.",
      "ativo": true,
      "id": "5406455EDA564574103CF9A16D2B4842"
    },
    {
      "original": "Une mauvaise personnalité détruit un beau visage",
      "traducao": "Uma personalidade ruim destrói um rosto bonito.",
      "ativo": true,
      "id": "2152A2D3E95E402AF808D327D326CE8E"
    },
    {
      "original": "Le plus grand plaisir de la vie c’est de faire les choses que les gens disent impossibles",
      "traducao": "O maior prazer da vida é fazer aquilo que disseram ser impossível.",
      "ativo": true,
      "id": "50D20A37E090D215821A9C6153FA6CA9"
    },
    {
      "original": "Rêve comme si tu vivais pour toujours.. Vis comme si demain était ton dernier jour",
      "traducao": "Sonhe como se fosse viver eternamente e viva como se amanhã fosse seu último dia.",
      "ativo": true,
      "id": "9EAD280B6FF595699F5EC3CE803615C5"
    },
    {
      "original": "Souvenez-vous que vous êtes unique, comme tout le monde",
      "traducao": "Lembre-se de que você é único assim como todo mundo.",
      "ativo": true,
      "id": "85BCAA3F3CD3F419845EEF8725DF2812"
    },
    {
      "original": "Les moustiques sont comme notre famille, ennuyeux mais ont notre sang",
      "traducao": "Os mosquitos são como nossa família, irritantes mas têm nosso sangue.",
      "ativo": true,
      "id": "F16AF1F7B19CCF3637661AEEB85AEDAE"
    },
    {
      "original": "Tu ne peux jamais acheter l’amour, mais tu dois quand même payer pour l’avoir",
      "traducao": "Não se pode comprar o amor, mas mesmo assim às vezes temos que pagar para tê-lo.",
      "ativo": true,
      "id": "A1A52042A261D0E93D589B824297A1BF"
    },
    {
      "original": "Tu es célibataire, tu trouves personne. Tu es en couple, tout le monde te veut",
      "traducao": "Quando você tá solteiro não encontra ninguém. Quando está namorando, todo mundo te quer.",
      "ativo": true,
      "id": "941196D630026FAEF64EC03EE3F28E3C"
    },
    {
      "original": "Un mauvais comportement est comme un pneu crevé, tu ne peux aller nullepart tant que tu ne le change pas",
      "traducao": "Um mau comportamento é como um pneu furado, não se pode ir a nenhum lugar enquanto não o mudamos.",
      "ativo": true,
      "id": "758F2F12DA85BBC19FF52888E4DD9321"
    },
    {
      "original": "La vie nous donne ce dont nous avons besoin, pas ce que nous voulons",
      "traducao": "A vida nos dá o que precisamos, não o que queremos.",
      "ativo": true,
      "id": "A40DD86A862CFBCB68584161D7970B26"
    },
    {
      "original": "Je détruis mes ennemis lorsque j’en fais mes amis",
      "traducao": "Eu destruo meus inimigos os transformando em amigos.",
      "ativo": true,
      "id": "51EE21AE0CC8CF6092C7209E83DE9FFE"
    },
    {
      "original": "La vie d'un homme est son image. À l'heure de mourir, nous nous refléterons dans le passé, et, penchés sur le miroir de nos actes, nos âmes reconnaîtront ce que nous sommes",
      "traducao": "A vida de um homem é sua imagem. No momento da morte, refletiremos no passado e, curvados sobre o espelho de nossas ações, nossas almas reconhecerão quem somos.",
      "ativo": true,
      "id": "A91769F6E42451B7FF0623309D3041BA"
    },
    {
      "original": "Hier, je ne faisais rien et aujourd'hui je termine ce que je l'ai fait hier",
      "traducao": "Ontem eu não fiz nada e hoje vou terminar o que fiz ontem.",
      "ativo": true,
      "id": "8568093426067033950435B3B9BD94E9"
    },
    {
      "original": "Désolé pour les messages que je t’ai envoyé hier soir, mon téléphone était ivre",
      "traducao": "Desculpa pelas mensagens que eu te mandei ontem à noite, meu celular tava bêbado.",
      "ativo": true,
      "id": "0C22E1AF58910E500A1919F606DF2B4C"
    },
    {
      "original": "La vie n'est pas décorée par un ruban mais c'est quand même un cadeau",
      "traducao": "E vida não é embrulhada em um laço mas ainda assim é um presente.",
      "ativo": true,
      "id": "FC6625846C388A91FA0E3006B1DDBBDD"
    },
    {
      "original": "Je sais maintenant que la vie n'est qu'une succession de repos et de déséquilibres dont l'ordre n'obéit à aucune nécessité",
      "traducao": "Agora eu sei que a vida é apenas uma sucessão de repousos e desequilíbrios cuja ordem não obedece nenhuma necessidade.",
      "ativo": true,
      "id": "9CDD69F9B5A1701723988BA4A4E4C40B"
    }
  ]
}